{
    "openapi": "3.0.0",
    "info": {
        "title": "GiftCard Hub API",
        "description": "The GiftCard Hub API allows interaction with all GiftCard Providers registered to a store from a single point. GiftCradsProviders are systems capable of providing cards for use in the buying process.\n\nThe following is the sequence diagram that represents calls in the purchase closing process.\n\n![alt Picking and Packing Actors](https://raml.vtexlab.com.br/gift-card-hub/images/CardByList.png \"Flow\")\n\n**Checkout + Gateway**: Systems responsible for the sale and processing orders and payments.\n\n**GiftCard Hub**: System responsible for managing multiple registered giftacard providers for a store.\n\n**GiftCard Provider**: System responsible for providing the giftcards available to the user not closing purchase. This system can be implemented by third parties.",
        "contact": {},
        "version": "1.0"
    },
    "servers": [
        {
            "url": "https://{accountName}.{environment}.com.br/api",
            "description": "VTEX server url",
            "variables": {
                "accountName": {
                    "description": "Name of the VTEX account. Used as part of the URL",
                    "default": "{accountName}"
                },
                "environment": {
                    "description": "Environment to use. Used as part of the URL.",
                    "default": "{environment}"
                }
            }
        }
    ],
    "paths": {
        "/giftcardproviders": {
            "get": {
                "tags": ["Provider"],
                "summary": "List All GiftCard Providers",
                "description": "Returns a collection of giftcard providers from a store.",
                "operationId": "ListAllGiftCardProviders",
                "parameters": [
                    {
                        "name": "Accept",
                        "in": "header",
                        "description": "Media type(s) that is/are acceptable for the response. Default value for payment provider protocol is application/json.",
                        "required": true,
                        "style": "simple",
                        "schema": {
                            "type": "string",
                            "default": "application/json"
                        }
                    },
                    {
                        "name": "Content-Type",
                        "in": "header",
                        "description": "The Media type of the body of the request. Default value for payment provider protocol is application/json.",
                        "required": true,
                        "style": "simple",
                        "schema": {
                            "type": "string",
                            "default": "application/json"
                        }
                    },
                    {
                        "name": "REST-Range",
                        "in": "header",
                        "description": "Pagination control. This query variable must follow the format _resources={from}-{to}_.",
                        "required": false,
                        "style": "simple",
                        "schema": {
                            "type": "string",
                            "default": "resources=0-49"
                        }
                    },
                    {
                        "name": "X-VTEX-API-AppKey",
                        "in": "header",
                        "description": "VTEX API AppKey",
                        "required": true,
                        "style": "simple",
                        "schema": {
                            "type": "string",
                            "default": "{{X-VTEX-API-AppKey}}"
                        }
                    },
                    {
                        "name": "X-VTEX-API-AppToken",
                        "in": "header",
                        "description": "VTEX API AppToken",
                        "required": true,
                        "style": "simple",
                        "schema": {
                            "type": "string",
                            "default": "{{X-VTEX-API-AppToken}}"
                        }
                    }
                ],
                "responses": {
                    "200": {
                        "description": "",
                        "headers": {},
                        "content": {
                            "text/plain": {
                                "schema": {
                                    "type": "object"
                                }
                            }
                        }
                    }
                },
                "deprecated": false,
                "security": []
            }
        },
        "/giftcardproviders/{giftCardProviderId}": {
            "get": {
                "tags": ["Provider"],
                "summary": "Get GiftCard Provider by ID",
                "description": "Returns a giftcard provider from a store.",
                "operationId": "GetGiftCardProviderbyID",
                "parameters": [
                    {
                        "name": "Accept",
                        "in": "header",
                        "description": "Media type(s) that is/are acceptable for the response. Default value for payment provider protocol is application/json.",
                        "required": true,
                        "style": "simple",
                        "schema": {
                            "type": "string",
                            "default": "application/json"
                        }
                    },
                    {
                        "name": "Content-Type",
                        "in": "header",
                        "description": "The Media type of the body of the request. Default value for payment provider protocol is application/json.",
                        "required": true,
                        "style": "simple",
                        "schema": {
                            "type": "string",
                            "default": "application/json"
                        }
                    },
                    {
                        "name": "X-VTEX-API-AppKey",
                        "in": "header",
                        "description": "VTEX API AppKey",
                        "required": true,
                        "style": "simple",
                        "schema": {
                            "type": "string",
                            "default": "{{X-VTEX-API-AppKey}}"
                        }
                    },
                    {
                        "name": "X-VTEX-API-AppToken",
                        "in": "header",
                        "description": "VTEX API AppToken",
                        "required": true,
                        "style": "simple",
                        "schema": {
                            "type": "string",
                            "default": "{{X-VTEX-API-AppToken}}"
                        }
                    },
                    {
                        "name": "giftCardProviderId",
                        "in": "path",
                        "description": "",
                        "required": true,
                        "style": "simple",
                        "schema": {
                            "type": "string",
                            "default": "insert identifier here"
                        }
                    }
                ],
                "responses": {
                    "200": {
                        "description": "",
                        "headers": {},
                        "content": {
                            "text/plain": {
                                "schema": {
                                    "type": "object"
                                }
                            }
                        }
                    },
                    "404": {
                        "description": "O provider não existe.\n"
                    }
                },
                "deprecated": false
            }
        },
        "/giftcardproviders/{giftCardProviderID}": {
            "put": {
                "tags": ["Provider"],
                "summary": "Create/Update GiftCard Provider by ID",
                "description": "Create or update a giftcard provider from a store.",
                "operationId": "Create/UpdateGiftCardProviderbyID",
                "parameters": [
                    {
                        "name": "Accept",
                        "in": "header",
                        "description": "Media type(s) that is/are acceptable for the response. Default value for payment provider protocol is application/json.",
                        "required": true,
                        "style": "simple",
                        "schema": {
                            "type": "string",
                            "default": "application/json"
                        }
                    },
                    {
                        "name": "Content-Type",
                        "in": "header",
                        "description": "The Media type of the body of the request. Default value for payment provider protocol is application/json",
                        "required": true,
                        "style": "simple",
                        "schema": {
                            "type": "string",
                            "default": "application/json"
                        }
                    },
                    {
                        "name": "X-VTEX-API-AppKey",
                        "in": "header",
                        "description": "VTEX API AppKey",
                        "required": true,
                        "style": "simple",
                        "schema": {
                            "type": "string",
                            "default": "{{X-VTEX-API-AppKey}}"
                        }
                    },
                    {
                        "name": "X-VTEX-API-AppToken",
                        "in": "header",
                        "description": "VTEX API AppToken",
                        "required": true,
                        "style": "simple",
                        "schema": {
                            "type": "string",
                            "default": "{{X-VTEX-API-AppToken}}"
                        }
                    },
                    {
                        "name": "giftCardProviderID",
                        "in": "path",
                        "description": "",
                        "required": true,
                        "style": "simple",
                        "schema": {
                            "type": "string",
                            "default": "insert identifier here"
                        }
                    }
                ],
                "requestBody": {
                    "description": "",
                    "content": {
                        "application/vnd.vtex.giftcardproviders.v1+json": {
                            "schema": {
                                "$ref": "#/components/schemas/CreateUpdateGiftCardProviderbyIDRequest"
                            },
                            "example": {
                                "serviceUrl": "https://api.vtex.com.br/basedevmkp",
                                "oauthProvider": "vtex",
                                "preAuthEnabled": true,
                                "cancelEnabled": true
                            }
                        }
                    },
                    "required": true
                },
                "responses": {
                    "200": {
                        "description": "",
                        "headers": {},
                        "content": {
                            "text/plain": {
                                "schema": {
                                    "type": "object"
                                }
                            }
                        }
                    }
                },
                "deprecated": false
            },
            "delete": {
                "tags": ["Provider"],
                "summary": "Delete GiftCard Provider by ID",
                "description": "Delete a giftcard provider from a store.",
                "operationId": "DeleteGiftCardProviderbyID",
                "parameters": [
                    {
                        "name": "Accept",
                        "in": "header",
                        "description": "Media type(s) that is/are acceptable for the response. Default value for payment provider protocol is application/json.",
                        "required": true,
                        "style": "simple",
                        "schema": {
                            "type": "string",
                            "default": "application/json"
                        }
                    },
                    {
                        "name": "Content-Type",
                        "in": "header",
                        "description": "The Media type of the body of the request. Default value for payment provider protocol is application/json.",
                        "required": true,
                        "style": "simple",
                        "schema": {
                            "type": "string",
                            "default": "application/json"
                        }
                    },
                    {
                        "name": "X-VTEX-API-AppKey",
                        "in": "header",
                        "description": "VTEX API AppKey",
                        "required": true,
                        "style": "simple",
                        "schema": {
                            "type": "string",
                            "default": "{{X-VTEX-API-AppKey}}"
                        }
                    },
                    {
                        "name": "X-VTEX-API-AppToken",
                        "in": "header",
                        "description": "VTEX API AppToken",
                        "required": true,
                        "style": "simple",
                        "schema": {
                            "type": "string",
                            "default": "{{X-VTEX-API-AppToken}}"
                        }
                    },
                    {
                        "name": "giftCardProviderID",
                        "in": "path",
                        "description": "",
                        "required": true,
                        "style": "simple",
                        "schema": {
                            "type": "string",
                            "default": "insert identifier here"
                        }
                    }
                ],
                "responses": {
                    "200": {
                        "description": "",
                        "headers": {},
                        "content": {
                            "text/plain": {
                                "schema": {
                                    "type": "object"
                                }
                            }
                        }
                    },
                    "404": {
                        "description": "O provider não existe.\n"
                    }
                },
                "deprecated": false
            }
        },
        "/giftcardproviders/{giftCardProviderID}/giftcards": {
            "post": {
                "tags": ["Transaction"],
                "summary": "Create GiftCard in GiftCard Provider",
                "description": "Creates a giftcard in a giftcard provider.",
                "operationId": "CreateGiftCardinGiftCardProvider",
                "parameters": [
                    {
                        "name": "Accept",
                        "in": "header",
                        "description": "Media type(s) that is/are acceptable for the response. Default value for payment provider protocol is application/json.",
                        "required": true,
                        "style": "simple",
                        "schema": {
                            "type": "string",
                            "default": "application/json"
                        }
                    },
                    {
                        "name": "Content-Type",
                        "in": "header",
                        "description": "The Media type of the body of the request. Default value for payment provider protocol is application/json",
                        "required": true,
                        "style": "simple",
                        "schema": {
                            "type": "string",
                            "default": "application/json"
                        }
                    },
                    {
                        "name": "X-VTEX-API-AppKey",
                        "in": "header",
                        "description": "VTEX API AppKey",
                        "required": true,
                        "style": "simple",
                        "schema": {
                            "type": "string",
                            "default": "{{X-VTEX-API-AppKey}}"
                        }
                    },
                    {
                        "name": "X-VTEX-API-AppToken",
                        "in": "header",
                        "description": "VTEX API AppToken",
                        "required": true,
                        "style": "simple",
                        "schema": {
                            "type": "string",
                            "default": "{{X-VTEX-API-AppToken}}"
                        }
                    },
                    {
                        "name": "giftCardProviderID",
                        "in": "path",
                        "description": "",
                        "required": true,
                        "style": "simple",
                        "schema": {
                            "type": "string",
                            "default": "insert identifier here"
                        }
                    }
                ],
                "requestBody": {
                    "description": "",
                    "content": {
                        "application/vnd.vtex.giftcardproviders.v1+json": {
                            "schema": {
                                "$ref": "#/components/schemas/CreateGiftCardinGiftCardProviderRequest"
                            },
                            "example": {
                                "relationName": "loyalty-program",
                                "emissionDate": "2011-02-04T17:02:19.17",
                                "expiringDate": "2020-02-04T17:02:19.17",
                                "caption": "Loyalty Program",
                                "restrictedToOwner": true,
                                "multipleRedemptions": true,
                                "multipleCredits": true,
                                "profileId": "92de2449-0e02-4ca9-a4aa-a09cc9d8f7ff"
                            }
                        }
                    },
                    "required": true
                },
                "responses": {
                    "200": {
                        "description": "",
                        "headers": {},
                        "content": {
                            "text/plain": {
                                "schema": {
                                    "type": "object"
                                }
                            }
                        }
                    }
                },
                "deprecated": false
            }
        },
        "/giftcardproviders/{giftCardProviderID}/giftcards/_search": {
            "post": {
                "tags": ["Transaction"],
                "summary": "Get GiftCard from GiftCard Provider",
                "description": "Returns all giftcards from a giftcard provider according to the filters.",
                "operationId": "GetGiftCardfromGiftCardProvider",
                "parameters": [
                    {
                        "name": "Accept",
                        "in": "header",
                        "description": "Media type(s) that is/are acceptable for the response. Default value for payment provider protocol is application/json.",
                        "required": true,
                        "style": "simple",
                        "schema": {
                            "type": "string",
                            "default": "application/json"
                        }
                    },
                    {
                        "name": "Content-Type",
                        "in": "header",
                        "description": "The Media type of the body of the request. Default value for payment provider protocol is application/json",
                        "required": true,
                        "style": "simple",
                        "schema": {
                            "type": "string",
                            "default": "application/json"
                        }
                    },
                    {
                        "name": "X-VTEX-API-AppKey",
                        "in": "header",
                        "description": "VTEX API AppKey",
                        "required": true,
                        "style": "simple",
                        "schema": {
                            "type": "string",
                            "default": "{{X-VTEX-API-AppKey}}"
                        }
                    },
                    {
                        "name": "X-VTEX-API-AppToken",
                        "in": "header",
                        "description": "VTEX API AppToken",
                        "required": true,
                        "style": "simple",
                        "schema": {
                            "type": "string",
                            "default": "{{X-VTEX-API-AppToken}}"
                        }
                    },
                    {
                        "name": "REST-Range",
                        "in": "header",
                        "description": "",
                        "required": true,
                        "style": "simple",
                        "schema": {
                            "type": "string",
                            "default": "resources=0-49"
                        }
                    },
                    {
                        "name": "giftCardProviderID",
                        "in": "path",
                        "description": "",
                        "required": true,
                        "style": "simple",
                        "schema": {
                            "type": "string",
                            "default": "insert example here"
                        }
                    }
                ],
                "requestBody": {
                    "description": "",
                    "content": {
                        "application/vnd.vtex.giftcardproviders.v1+json": {
                            "schema": {
                                "$ref": "#/components/schemas/GetGiftCardfromGiftCardProviderRequest"
                            },
                            "example": {
                                "client": {
                                    "id": "3b1abc17-988e-4a14-8b7f-31fc6a5b955c",
                                    "email": "email@domain.com",
                                    "document": "42151783120"
                                },
                                "cart": {
                                    "grandTotal": 182,
                                    "relationName": null,
                                    "redemptionCode": null,
                                    "discounts": -20,
                                    "shipping": 2,
                                    "taxes": 0,
                                    "items": [
                                        {
                                            "productId": "2000000",
                                            "id": "2000002",
                                            "refId": "MEV41",
                                            "name": null,
                                            "price": 200,
                                            "quantity": 1
                                        }
                                    ],
                                    "itemsTotal": 200
                                }
                            }
                        }
                    },
                    "required": true
                },
                "responses": {
                    "200": {
                        "description": "",
                        "headers": {},
                        "content": {
                            "text/plain": {
                                "schema": {
                                    "type": "object"
                                }
                            }
                        }
                    }
                },
                "deprecated": false
            }
        },
        "/giftcardproviders/{giftCardProviderID}/giftcards/{giftCardID}": {
            "get": {
                "tags": ["Transaction"],
                "summary": "Get GiftCard from GiftCard Provider by ID",
                "description": "Returns a specific giftcard from a giftcard provider.",
                "operationId": "GetGiftCardfromGiftCardProviderbyID",
                "parameters": [
                    {
                        "name": "Accept",
                        "in": "header",
                        "description": "Media type(s) that is/are acceptable for the response. Default value for payment provider protocol is application/json.",
                        "required": true,
                        "style": "simple",
                        "schema": {
                            "type": "string",
                            "default": "application/json"
                        }
                    },
                    {
                        "name": "Content-Type",
                        "in": "header",
                        "description": "The Media type of the body of the request. Default value for payment provider protocol is application/json.",
                        "required": true,
                        "style": "simple",
                        "schema": {
                            "type": "string",
                            "default": "application/json"
                        }
                    },
                    {
                        "name": "X-VTEX-API-AppKey",
                        "in": "header",
                        "description": "VTEX API AppKey",
                        "required": true,
                        "style": "simple",
                        "schema": {
                            "type": "string",
                            "default": "{{X-VTEX-API-AppKey}}"
                        }
                    },
                    {
                        "name": "X-VTEX-API-AppToken",
                        "in": "header",
                        "description": "VTEX API AppToken",
                        "required": true,
                        "style": "simple",
                        "schema": {
                            "type": "string",
                            "default": "{{X-VTEX-API-AppToken}}"
                        }
                    },
                    {
                        "name": "giftCardProviderID",
                        "in": "path",
                        "description": "",
                        "required": true,
                        "style": "simple",
                        "schema": {
                            "type": "string",
                            "default": "insert identifier here"
                        }
                    },
                    {
                        "name": "giftCardID",
                        "in": "path",
                        "description": "",
                        "required": true,
                        "style": "simple",
                        "schema": {
                            "type": "string",
                            "default": "6"
                        }
                    }
                ],
                "responses": {
                    "200": {
                        "description": "",
                        "headers": {},
                        "content": {
                            "text/plain": {
                                "schema": {
                                    "type": "object"
                                }
                            }
                        }
                    }
                },
                "deprecated": false
            }
        },
        "/giftcardproviders/{giftCardProviderID}/giftcards/{giftCardID}/transactions": {
            "get": {
                "tags": ["Transaction"],
                "summary": "List All GiftCard Transactions",
                "description": "Return all transaction from a giftcard.",
                "operationId": "ListAllGiftCardTransactions",
                "parameters": [
                    {
                        "name": "Accept",
                        "in": "header",
                        "description": "Media type(s) that is/are acceptable for the response. Default value for payment provider protocol is application/json.",
                        "required": true,
                        "style": "simple",
                        "schema": {
                            "type": "string",
                            "default": "application/json"
                        }
                    },
                    {
                        "name": "Content-Type",
                        "in": "header",
                        "description": "The Media type of the body of the request. Default value for payment provider protocol is application/json.",
                        "required": true,
                        "style": "simple",
                        "schema": {
                            "type": "string",
                            "default": "application/json"
                        }
                    },
                    {
                        "name": "X-VTEX-API-AppKey",
                        "in": "header",
                        "description": "VTEX API AppKey",
                        "required": true,
                        "style": "simple",
                        "schema": {
                            "type": "string",
                            "default": "{{X-VTEX-API-AppKey}}"
                        }
                    },
                    {
                        "name": "X-VTEX-API-AppToken",
                        "in": "header",
                        "description": "VTEX API AppToken",
                        "required": true,
                        "style": "simple",
                        "schema": {
                            "type": "string",
                            "default": "{{X-VTEX-API-AppToken}}"
                        }
                    },
                    {
                        "name": "giftCardProviderID",
                        "in": "path",
                        "description": "",
                        "required": true,
                        "style": "simple",
                        "schema": {
                            "type": "string",
                            "default": "insert identifier here"
                        }
                    },
                    {
                        "name": "giftCardID",
                        "in": "path",
                        "description": "",
                        "required": true,
                        "style": "simple",
                        "schema": {
                            "type": "string",
                            "default": "6"
                        }
                    }
                ],
                "responses": {
                    "200": {
                        "description": "",
                        "headers": {},
                        "content": {
                            "text/plain": {
                                "schema": {
                                    "type": "object"
                                }
                            }
                        }
                    }
                },
                "deprecated": false
            },
            "post": {
                "tags": ["Transaction"],
                "summary": "Create GiftCard Transaction",
                "description": "Creates a transaction to a giftcard.",
                "operationId": "CreateGiftCardTransaction",
                "parameters": [
                    {
                        "name": "Accept",
                        "in": "header",
                        "description": "Media type(s) that is/are acceptable for the response. Default value for payment provider protocol is application/json.",
                        "required": true,
                        "style": "simple",
                        "schema": {
                            "type": "string",
                            "default": "application/json"
                        }
                    },
                    {
                        "name": "Content-Type",
                        "in": "header",
                        "description": "The Media type of the body of the request. Default value for payment provider protocol is application/json",
                        "required": true,
                        "style": "simple",
                        "schema": {
                            "type": "string",
                            "default": "application/json"
                        }
                    },
                    {
                        "name": "X-VTEX-API-AppKey",
                        "in": "header",
                        "description": "VTEX API AppKey",
                        "required": true,
                        "style": "simple",
                        "schema": {
                            "type": "string",
                            "default": "{{X-VTEX-API-AppKey}}"
                        }
                    },
                    {
                        "name": "X-VTEX-API-AppToken",
                        "in": "header",
                        "description": "VTEX API AppToken",
                        "required": true,
                        "style": "simple",
                        "schema": {
                            "type": "string",
                            "default": "{{X-VTEX-API-AppToken}}"
                        }
                    },
                    {
                        "name": "giftCardProviderID",
                        "in": "path",
                        "description": "",
                        "required": true,
                        "style": "simple",
                        "schema": {
                            "type": "string",
                            "default": "insert identifier here"
                        }
                    },
                    {
                        "name": "giftCardID",
                        "in": "path",
                        "description": "",
                        "required": true,
                        "style": "simple",
                        "schema": {
                            "type": "string",
                            "default": "6"
                        }
                    }
                ],
                "requestBody": {
                    "description": "",
                    "content": {
                        "application/vnd.vtex.giftcardproviders.v1+json": {
                            "schema": {
                                "$ref": "#/components/schemas/CreateGiftCardTransactionRequest"
                            },
                            "example": {
                                "operation": "Credit",
                                "value": 28.4,
                                "description": "Order v2915869org-01",
                                "redemptionToken": null,
                                "redemptionCode": null,
                                "requestId": "v2915869org-01",
                                "orderInfo": {
                                    "orderId": "v2915869org-01",
                                    "sequence": 2915869,
                                    "cart": {
                                        "items": [
                                            {
                                                "id": "2000330",
                                                "productId": "2000196",
                                                "refId": null,
                                                "name": "T-Shirt M",
                                                "value": 15,
                                                "price": 15,
                                                "quantity": 1,
                                                "shippingDiscount": 0,
                                                "discount": 0,
                                                "priceTags": []
                                            }
                                        ],
                                        "grandTotal": 0,
                                        "discounts": 0,
                                        "shipping": 0,
                                        "taxes": 0,
                                        "itemsTotal": 15
                                    },
                                    "clientProfile": {
                                        "email": "email@domain.com",
                                        "firstName": "John",
                                        "lastName": "Smith",
                                        "document": "10617764093",
                                        "documentType": "cpf",
                                        "phone": "+5521993759875",
                                        "birthDate": "0001-01-01T00:00:00",
                                        "isCorporate": false
                                    },
                                    "shipping": {
                                        "receiverName": "John Smith",
                                        "postalCode": "24417-246",
                                        "city": "Leblon",
                                        "state": "RJ",
                                        "country": "BRA",
                                        "street": "Rua Aidea Barreto do Couto",
                                        "number": "9678",
                                        "neighborhood": "address",
                                        "complement": "address",
                                        "reference": "address"
                                    }
                                }
                            }
                        }
                    },
                    "required": true
                },
                "responses": {
                    "200": {
                        "description": "",
                        "headers": {},
                        "content": {
                            "text/plain": {
                                "schema": {
                                    "type": "object"
                                }
                            }
                        }
                    }
                },
                "deprecated": false
            }
        },
        "/giftcardproviders/{giftCardProviderID}/giftcards/{giftCardID}/transactions/{transactionID}": {
            "get": {
                "tags": ["Transaction"],
                "summary": "Get GiftCard Transaction by ID",
                "description": "Returns a specific transaction from a giftcard.",
                "operationId": "GetGiftCardTransactionbyID",
                "parameters": [
                    {
                        "name": "Accept",
                        "in": "header",
                        "description": "Media type(s) that is/are acceptable for the response. Default value for payment provider protocol is application/json.",
                        "required": true,
                        "style": "simple",
                        "schema": {
                            "type": "string",
                            "default": "application/json"
                        }
                    },
                    {
                        "name": "Content-Type",
                        "in": "header",
                        "description": "The Media type of the body of the request. Default value for payment provider protocol is application/json.",
                        "required": true,
                        "style": "simple",
                        "schema": {
                            "type": "string",
                            "default": "application/json"
                        }
                    },
                    {
                        "name": "X-VTEX-API-AppKey",
                        "in": "header",
                        "description": "VTEX API AppKey",
                        "required": true,
                        "style": "simple",
                        "schema": {
                            "type": "string",
                            "default": "{{X-VTEX-API-AppKey}}"
                        }
                    },
                    {
                        "name": "X-VTEX-API-AppToken",
                        "in": "header",
                        "description": "VTEX API AppToken",
                        "required": true,
                        "style": "simple",
                        "schema": {
                            "type": "string",
                            "default": "{{X-VTEX-API-AppToken}}"
                        }
                    },
                    {
                        "name": "giftCardProviderID",
                        "in": "path",
                        "description": "",
                        "required": true,
                        "style": "simple",
                        "schema": {
                            "type": "string",
                            "default": "insert identifier here"
                        }
                    },
                    {
                        "name": "giftCardID",
                        "in": "path",
                        "description": "",
                        "required": true,
                        "style": "simple",
                        "schema": {
                            "type": "string",
                            "default": "6"
                        }
                    },
                    {
                        "name": "transactionID",
                        "in": "path",
                        "description": "",
                        "required": true,
                        "style": "simple",
                        "schema": {
                            "type": "string",
                            "default": "b47690"
                        }
                    }
                ],
                "responses": {
                    "200": {
                        "description": "",
                        "headers": {},
                        "content": {
                            "text/plain": {
                                "schema": {
                                    "type": "object"
                                }
                            }
                        }
                    }
                },
                "deprecated": false
            }
        },
        "/giftcardproviders/{giftCardProviderID}/giftcards/{giftCardID}/transactions/{transactionID}/authorization": {
            "get": {
                "tags": ["Transaction"],
                "summary": "Get GiftCard Authorization Transaction",
                "description": "Returns the transaction authorization info.",
                "operationId": "GetGiftCardAuthorizationTransaction",
                "parameters": [
                    {
                        "name": "Accept",
                        "in": "header",
                        "description": "Media type(s) that is/are acceptable for the response. Default value for payment provider protocol is application/json.",
                        "required": true,
                        "style": "simple",
                        "schema": {
                            "type": "string",
                            "default": "application/json"
                        }
                    },
                    {
                        "name": "Content-Type",
                        "in": "header",
                        "description": "The Media type of the body of the request. Default value for payment provider protocol is application/json.",
                        "required": true,
                        "style": "simple",
                        "schema": {
                            "type": "string",
                            "default": "application/json"
                        }
                    },
                    {
                        "name": "X-VTEX-API-AppKey",
                        "in": "header",
                        "description": "VTEX API AppKey",
                        "required": true,
                        "style": "simple",
                        "schema": {
                            "type": "string",
                            "default": "{{X-VTEX-API-AppKey}}"
                        }
                    },
                    {
                        "name": "X-VTEX-API-AppToken",
                        "in": "header",
                        "description": "VTEX API AppToken",
                        "required": true,
                        "style": "simple",
                        "schema": {
                            "type": "string",
                            "default": "{{X-VTEX-API-AppToken}}"
                        }
                    },
                    {
                        "name": "giftCardProviderID",
                        "in": "path",
                        "description": "",
                        "required": true,
                        "style": "simple",
                        "schema": {
                            "type": "string",
                            "default": "insert identifier here"
                        }
                    },
                    {
                        "name": "giftCardID",
                        "in": "path",
                        "description": "",
                        "required": true,
                        "style": "simple",
                        "schema": {
                            "type": "string",
                            "default": "6"
                        }
                    },
                    {
                        "name": "transactionID",
                        "in": "path",
                        "description": "",
                        "required": true,
                        "style": "simple",
                        "schema": {
                            "type": "string",
                            "default": "b47690"
                        }
                    }
                ],
                "responses": {
                    "200": {
                        "description": "",
                        "headers": {},
                        "content": {
                            "text/plain": {
                                "schema": {
                                    "type": "object"
                                }
                            }
                        }
                    }
                },
                "deprecated": false
            }
        },
        "/giftcardproviders/{giftCardProviderID}/giftcards/{giftCardID}/transactions/{transactionID}/settlements": {
            "get": {
                "tags": ["Transaction"],
                "summary": "List All GiftCard Settlement Transactions",
                "description": "Returns a collection of settlement transactions from a giftcard.",
                "operationId": "ListAllGiftCardSettlementTransactions",
                "parameters": [
                    {
                        "name": "Accept",
                        "in": "header",
                        "description": "Media type(s) that is/are acceptable for the response. Default value for payment provider protocol is application/json.",
                        "required": true,
                        "style": "simple",
                        "schema": {
                            "type": "string",
                            "default": "application/json"
                        }
                    },
                    {
                        "name": "Content-Type",
                        "in": "header",
                        "description": "The Media type of the body of the request. Default value for payment provider protocol is application/json.",
                        "required": true,
                        "style": "simple",
                        "schema": {
                            "type": "string",
                            "default": "application/json"
                        }
                    },
                    {
                        "name": "X-VTEX-API-AppKey",
                        "in": "header",
                        "description": "VTEX API AppKey",
                        "required": true,
                        "style": "simple",
                        "schema": {
                            "type": "string",
                            "default": "{{X-VTEX-API-AppKey}}"
                        }
                    },
                    {
                        "name": "X-VTEX-API-AppToken",
                        "in": "header",
                        "description": "VTEX API AppToken",
                        "required": true,
                        "style": "simple",
                        "schema": {
                            "type": "string",
                            "default": "{{X-VTEX-API-AppToken}}"
                        }
                    },
                    {
                        "name": "giftCardProviderID",
                        "in": "path",
                        "description": "",
                        "required": true,
                        "style": "simple",
                        "schema": {
                            "type": "string",
                            "default": "insert identifier here"
                        }
                    },
                    {
                        "name": "giftCardID",
                        "in": "path",
                        "description": "",
                        "required": true,
                        "style": "simple",
                        "schema": {
                            "type": "string",
                            "default": "6"
                        }
                    },
                    {
                        "name": "transactionID",
                        "in": "path",
                        "description": "",
                        "required": true,
                        "style": "simple",
                        "schema": {
                            "type": "string",
                            "default": "b47690"
                        }
                    }
                ],
                "responses": {
                    "200": {
                        "description": "",
                        "headers": {},
                        "content": {
                            "text/plain": {
                                "schema": {
                                    "type": "object"
                                }
                            }
                        }
                    }
                },
                "deprecated": false
            },
            "post": {
                "tags": ["Transaction"],
                "summary": "Create GiftCard Settlement Transaction",
                "description": "Creates a settlement transaction to a giftcard.",
                "operationId": "CreateGiftCardSettlementTransaction",
                "parameters": [
                    {
                        "name": "Accept",
                        "in": "header",
                        "description": "Media type(s) that is/are acceptable for the response. Default value for payment provider protocol is application/json",
                        "required": true,
                        "style": "simple",
                        "schema": {
                            "type": "string",
                            "default": "application/json"
                        }
                    },
                    {
                        "name": "Content-Type",
                        "in": "header",
                        "description": "The Media type of the body of the request. Default value for payment provider protocol is application/json",
                        "required": true,
                        "style": "simple",
                        "schema": {
                            "type": "string",
                            "default": "application/json"
                        }
                    },
                    {
                        "name": "giftCardProviderID",
                        "in": "path",
                        "description": "",
                        "required": true,
                        "style": "simple",
                        "schema": {
                            "type": "string",
                            "default": "insert identifier here"
                        }
                    },
                    {
                        "name": "giftCardID",
                        "in": "path",
                        "description": "",
                        "required": true,
                        "style": "simple",
                        "schema": {
                            "type": "string",
                            "default": "6"
                        }
                    },
                    {
                        "name": "transactionID",
                        "in": "path",
                        "description": "",
                        "required": true,
                        "style": "simple",
                        "schema": {
                            "type": "string",
                            "default": "b47690"
                        }
                    }
                ],
                "requestBody": {
                    "description": "",
                    "content": {
                        "application/json;charset=utf-8": {
                            "schema": {
                                "$ref": "#/components/schemas/CreateGiftCardSettlementTransactionRequest"
                            },
                            "example": {
                                "client": {
                                    "id": "3b1abc17-988e-4a14-8b7f-31fc6a5b955c",
                                    "email": "convidadovtex@gmail.com",
                                    "document": "42151783120"
                                },
                                "cart": {
                                    "grandTotal": 182,
                                    "relationName": "loyalty-program",
                                    "redemptionCode": "FASD-ASDS-ASDA-ASDA",
                                    "discounts": -20,
                                    "shipping": 2,
                                    "taxes": 0,
                                    "items": [
                                        {
                                            "productId": "2000000",
                                            "id": "2000002",
                                            "refId": "MEV41",
                                            "name": null,
                                            "price": 200,
                                            "quantity": 1
                                        }
                                    ],
                                    "itemsTotal": 200
                                }
                            }
                        }
                    },
                    "required": true
                },
                "responses": {
                    "200": {
                        "description": "",
                        "headers": {},
                        "content": {
                            "text/plain": {
                                "schema": {
                                    "type": "object"
                                }
                            }
                        }
                    }
                },
                "deprecated": false
            }
        },
        "/giftcardproviders/{giftCardProviderID}/giftcards/{giftCardID}/transactions/{transactionID}/cancellations": {
            "get": {
                "tags": ["Transaction"],
                "summary": "List All GiftCard Cancellation Transactions",
                "description": "Returns a collection of cancellation transactions from a giftcard.",
                "operationId": "ListAllGiftCardCancellationTransactions",
                "parameters": [
                    {
                        "name": "Accept",
                        "in": "header",
                        "description": "Media type(s) that is/are acceptable for the response. Default value for payment provider protocol is application/json.",
                        "required": true,
                        "style": "simple",
                        "schema": {
                            "type": "string",
                            "default": "application/json"
                        }
                    },
                    {
                        "name": "Content-Type",
                        "in": "header",
                        "description": "The Media type of the body of the request. Default value for payment provider protocol is application/json.",
                        "required": true,
                        "style": "simple",
                        "schema": {
                            "type": "string",
                            "default": "application/json"
                        }
                    },
                    {
                        "name": "X-VTEX-API-AppKey",
                        "in": "header",
                        "description": "VTEX API AppKey",
                        "required": true,
                        "style": "simple",
                        "schema": {
                            "type": "string",
                            "default": "{{X-VTEX-API-AppKey}}"
                        }
                    },
                    {
                        "name": "X-VTEX-API-AppToken",
                        "in": "header",
                        "description": "VTEX API AppToken",
                        "required": true,
                        "style": "simple",
                        "schema": {
                            "type": "string",
                            "default": "{{X-VTEX-API-AppToken}}"
                        }
                    },
                    {
                        "name": "giftCardProviderID",
                        "in": "path",
                        "description": "",
                        "required": true,
                        "style": "simple",
                        "schema": {
                            "type": "string",
                            "default": "insert identifier here"
                        }
                    },
                    {
                        "name": "giftCardID",
                        "in": "path",
                        "description": "",
                        "required": true,
                        "style": "simple",
                        "schema": {
                            "type": "string",
                            "default": "6"
                        }
                    },
                    {
                        "name": "transactionID",
                        "in": "path",
                        "description": "",
                        "required": true,
                        "style": "simple",
                        "schema": {
                            "type": "string",
                            "default": "b47690"
                        }
                    }
                ],
                "responses": {
                    "200": {
                        "description": "",
                        "headers": {},
                        "content": {
                            "text/plain": {
                                "schema": {
                                    "type": "object"
                                }
                            }
                        }
                    }
                },
                "deprecated": false
            },
            "post": {
                "tags": ["Transaction"],
                "summary": "Create GiftCard Cancellation Transaction",
                "description": "Creates a cancellation transaction to a giftcard.",
                "operationId": "CreateGiftCardCancellationTransaction",
                "parameters": [
                    {
                        "name": "Accept",
                        "in": "header",
                        "description": "Media type(s) that is/are acceptable for the response. Default value for payment provider protocol is application/json.",
                        "required": true,
                        "style": "simple",
                        "schema": {
                            "type": "string",
                            "default": "application/json"
                        }
                    },
                    {
                        "name": "Content-Type",
                        "in": "header",
                        "description": "The Media type of the body of the request. Default value for payment provider protocol is application/json",
                        "required": true,
                        "style": "simple",
                        "schema": {
                            "type": "string",
                            "default": "application/json"
                        }
                    },
                    {
                        "name": "X-VTEX-API-AppKey",
                        "in": "header",
                        "description": "VTEX API AppKey",
                        "required": true,
                        "style": "simple",
                        "schema": {
                            "type": "string",
                            "default": "{{X-VTEX-API-AppKey}}"
                        }
                    },
                    {
                        "name": "X-VTEX-API-AppToken",
                        "in": "header",
                        "description": "VTEX API AppToken",
                        "required": true,
                        "style": "simple",
                        "schema": {
                            "type": "string",
                            "default": "{{X-VTEX-API-AppToken}}"
                        }
                    },
                    {
                        "name": "giftCardProviderID",
                        "in": "path",
                        "description": "",
                        "required": true,
                        "style": "simple",
                        "schema": {
                            "type": "string",
                            "default": "insert identifier here"
                        }
                    },
                    {
                        "name": "giftCardID",
                        "in": "path",
                        "description": "",
                        "required": true,
                        "style": "simple",
                        "schema": {
                            "type": "string",
                            "default": "6"
                        }
                    },
                    {
                        "name": "transactionID",
                        "in": "path",
                        "description": "",
                        "required": true,
                        "style": "simple",
                        "schema": {
                            "type": "string",
                            "default": "b47690"
                        }
                    }
                ],
                "requestBody": {
                    "description": "",
                    "content": {
                        "application/vnd.vtex.giftcardproviders.v1+json": {
                            "schema": {
                                "$ref": "#/components/schemas/CreateGiftCardCancellationTransactionRequest"
                            },
                            "example": {
                                "value": 12.1,
                                "requestId": "12093812masoidj120398"
                            }
                        }
                    },
                    "required": true
                },
                "responses": {
                    "200": {
                        "description": "",
                        "headers": {},
                        "content": {
                            "text/plain": {
                                "schema": {
                                    "type": "object"
                                }
                            }
                        }
                    }
                },
                "deprecated": false
            }
        }
    },
    "components": {
        "schemas": {
            "CreateUpdateGiftCardProviderbyIDRequest": {
                "title": "",
                "required": [
                    "serviceUrl",
                    "oauthProvider",
                    "preAuthEnabled",
                    "cancelEnabled"
                ],
                "type": "object",
                "properties": {
                    "serviceUrl": {
                        "type": "string",
                        "description": "URL from the provider"
                    },
                    "oauthProvider": {
                        "type": "string",
                        "description": "Provider's authentication"
                    },
                    "preAuthEnabled": {
                        "type": "boolean",
                        "description": "Related to the pre-authorization that can happen on the transaction generated through the provider"
                    },
                    "cancelEnabled": {
                        "type": "boolean",
                        "description": "It says if it is possible to cancel the transaction, generated through the provider"
                    },
                    "appKey": {
                        "type": "string",
                        "description": "Credential provided by the merchant that VTEX will use for identification"
                    },
                    "appToken": {
                        "type": "string",
                        "description": "Credential provided by the merchant that VTEX will use for identification"
                    }
                },
                "default": {
                    "serviceUrl": "https://api.vtex.com.br/example",
                    "oauthProvider": "vtex",
                    "preAuthEnabled": true,
                    "cancelEnabled": true
                }
            },
            "CreateGiftCardinGiftCardProviderRequest": {
                "title": "CreateGiftCardinGiftCardProviderRequest",
                "required": [
                    "relationName",
                    "emissionDate",
                    "expiringDate",
                    "caption",
                    "restrictedToOwner",
                    "multipleRedemptions",
                    "multipleCredits",
                    "profileId"
                ],
                "type": "object",
                "properties": {
                    "relationName": {
                        "type": "string"
                    },
                    "emissionDate": {
                        "type": "string"
                    },
                    "expiringDate": {
                        "type": "string"
                    },
                    "caption": {
                        "type": "string"
                    },
                    "restrictedToOwner": {
                        "type": "boolean"
                    },
                    "multipleRedemptions": {
                        "type": "boolean"
                    },
                    "multipleCredits": {
                        "type": "boolean"
                    },
                    "profileId": {
                        "type": "string"
                    }
                },
                "default": {
                    "relationName": "rewards-program",
                    "emissionDate": "2011-02-04T17:02:19.17",
                    "expiringDate": "2020-02-04T17:02:19.17",
                    "caption": "Rewards Program",
                    "restrictedToOwner": true,
                    "multipleRedemptions": true,
                    "multipleCredits": true,
                    "profileId": "92de2"
                }
            },
            "GetGiftCardfromGiftCardProviderRequest": {
                "title": "GetGiftCardfromGiftCardProviderRequest",
                "required": ["client", "cart"],
                "type": "object",
                "properties": {
                    "client": {
                        "$ref": "#/components/schemas/Client"
                    },
                    "cart": {
                        "$ref": "#/components/schemas/Cart"
                    }
                },
                "default": {
                    "client": {
                        "id": "3b1c",
                        "email": "email@domain.com",
                        "document": "42151783120"
                    },
                    "cart": {
                        "grandTotal": 182,
                        "relationName": null,
                        "redemptionCode": null,
                        "discounts": 20,
                        "shipping": 2,
                        "taxes": 0,
                        "items": [
                            {
                                "productId": "2000000",
                                "id": "2002",
                                "refId": "M41",
                                "name": null,
                                "price": 200,
                                "quantity": 1
                            }
                        ],
                        "itemsTotal": 200
                    }
                }
            },
            "Client": {
                "title": "Client",
                "required": ["id", "email", "document"],
                "type": "object",
                "properties": {
                    "id": {
                        "type": "string"
                    },
                    "email": {
                        "type": "string"
                    },
                    "document": {
                        "type": "string"
                    }
                },
                "default": {
                    "id": "3b1ab",
                    "email": "email@domain.com",
                    "document": "42151783120"
                }
            },
            "Cart": {
                "title": "Cart",
                "required": [
                    "grandTotal",
                    "relationName",
                    "redemptionCode",
                    "discounts",
                    "shipping",
                    "taxes",
                    "items",
                    "itemsTotal"
                ],
                "type": "object",
                "properties": {
                    "grandTotal": {
                        "type": "integer",
                        "format": "int32"
                    },
                    "relationName": {
                        "type": "string",
                        "nullable": true
                    },
                    "redemptionCode": {
                        "type": "string",
                        "nullable": true
                    },
                    "discounts": {
                        "type": "integer",
                        "format": "int32"
                    },
                    "shipping": {
                        "type": "integer",
                        "format": "int32"
                    },
                    "taxes": {
                        "type": "integer",
                        "format": "int32"
                    },
                    "items": {
                        "type": "array",
                        "items": {
                            "$ref": "#/components/schemas/Item"
                        },
                        "description": ""
                    },
                    "itemsTotal": {
                        "type": "integer",
                        "format": "int32"
                    }
                },
                "example": {
                    "grandTotal": 182,
                    "relationName": null,
                    "redemptionCode": null,
                    "discounts": 20,
                    "shipping": 2,
                    "taxes": 0,
                    "items": [
                        {
                            "productId": "2000000",
                            "id": "2000002",
                            "refId": "MEV41",
                            "name": null,
                            "price": 200,
                            "quantity": 1
                        }
                    ],
                    "itemsTotal": 200
                }
            },
            "Item": {
                "title": "Item",
                "required": [
                    "productId",
                    "id",
                    "refId",
                    "name",
                    "price",
                    "quantity"
                ],
                "type": "object",
                "properties": {
                    "productId": {
                        "type": "string"
                    },
                    "id": {
                        "type": "string"
                    },
                    "refId": {
                        "type": "string"
                    },
                    "name": {
                        "type": "string",
                        "nullable": true
                    },
                    "price": {
                        "type": "integer",
                        "format": "int32"
                    },
                    "quantity": {
                        "type": "integer",
                        "format": "int32"
                    }
                },
                "default": {
                    "productId": "2000000",
                    "id": "2000002",
                    "refId": "MEV41",
                    "name": null,
                    "price": 200,
                    "quantity": 1
                }
            },
            "CreateGiftCardTransactionRequest": {
                "title": "CreateGiftCardTransactionRequest",
                "required": [
                    "operation",
                    "value",
                    "description",
                    "redemptionToken",
                    "redemptionCode",
                    "requestId",
                    "orderInfo"
                ],
                "type": "object",
                "properties": {
                    "operation": {
                        "type": "string"
                    },
                    "value": {
                        "type": "number"
                    },
                    "description": {
                        "type": "string"
                    },
                    "redemptionToken": {
                        "type": "string"
                    },
                    "redemptionCode": {
                        "type": "string",
                        "nullable": true
                    },
                    "requestId": {
                        "type": "string"
                    },
                    "orderInfo": {
                        "$ref": "#/components/schemas/OrderInfo"
                    }
                },
                "default": {
                    "operation": "Credit",
                    "value": 28,
                    "description": "example",
                    "redemptionToken": null,
                    "redemptionCode": null,
                    "requestId": "v2915",
                    "orderInfo": {
                        "orderId": "v2915",
                        "sequence": 2915869,
                        "cart": {
                            "items": [
                                {
                                    "id": "2000330",
                                    "productId": "2000196",
                                    "refId": null,
                                    "name": "n",
                                    "value": 15,
                                    "price": 15,
                                    "quantity": 1,
                                    "shippingDiscount": 0,
                                    "discount": 0,
                                    "priceTags": []
                                }
                            ],
                            "grandTotal": 0,
                            "discounts": 0,
                            "shipping": 0,
                            "taxes": 0,
                            "itemsTotal": 15
                        },
                        "clientProfile": {
                            "email": "email@domain.com",
                            "firstName": "example",
                            "lastName": "example",
                            "document": "10617764093",
                            "documentType": "cpf",
                            "phone": "+5521999999999",
                            "birthDate": "0001-01-01T00:00:00",
                            "isCorporate": false
                        },
                        "shipping": {
                            "receiverName": "client",
                            "postalCode": "24417-246",
                            "city": "Rio de Janeiro",
                            "state": "RJ",
                            "country": "BRA",
                            "street": "address",
                            "number": "96",
                            "neighborhood": "address",
                            "complement": "address",
                            "reference": "address"
                        }
                    }
                }
            },
            "OrderInfo": {
                "title": "OrderInfo",
                "required": [
                    "orderId",
                    "sequence",
                    "cart",
                    "clientProfile",
                    "shipping"
                ],
                "type": "object",
                "properties": {
                    "orderId": {
                        "type": "string"
                    },
                    "sequence": {
                        "type": "integer",
                        "format": "int32"
                    },
                    "cart": {
                        "$ref": "#/components/schemas/Cart1"
                    },
                    "clientProfile": {
                        "$ref": "#/components/schemas/ClientProfile"
                    },
                    "shipping": {
                        "$ref": "#/components/schemas/Shipping"
                    }
                },
                "example": {
                    "orderId": "v2915869org-01",
                    "sequence": 2915869,
                    "cart": {
                        "items": [
                            {
                                "id": "2000330",
                                "productId": "2000196",
                                "refId": null,
                                "name": "T-Shirt M",
                                "value": 15,
                                "price": 15,
                                "quantity": 1,
                                "shippingDiscount": 0,
                                "discount": 0,
                                "priceTags": []
                            }
                        ],
                        "grandTotal": 0,
                        "discounts": 0,
                        "shipping": 0,
                        "taxes": 0,
                        "itemsTotal": 15
                    },
                    "clientProfile": {
                        "email": "email@domain.com",
                        "firstName": "John",
                        "lastName": "Smith",
                        "document": "10617764093",
                        "documentType": "cpf",
                        "phone": "+5521993759875",
                        "birthDate": "0001-01-01T00:00:00",
                        "isCorporate": false
                    },
                    "shipping": {
                        "receiverName": "John Smith",
                        "postalCode": "24417-246",
                        "city": "Leblon",
                        "state": "RJ",
                        "country": "BRA",
                        "street": "Rua Aidea Barreto do Couto",
                        "number": "9678",
                        "neighborhood": "",
                        "complement": "",
                        "reference": ""
                    }
                }
            },
            "Cart1": {
                "title": "Cart1",
                "required": [
                    "items",
                    "grandTotal",
                    "discounts",
                    "shipping",
                    "taxes",
                    "itemsTotal"
                ],
                "type": "object",
                "properties": {
                    "items": {
                        "type": "array",
                        "items": {
                            "$ref": "#/components/schemas/Item1"
                        },
                        "description": ""
                    },
                    "grandTotal": {
                        "type": "integer",
                        "format": "int32"
                    },
                    "discounts": {
                        "type": "integer",
                        "format": "int32"
                    },
                    "shipping": {
                        "type": "integer",
                        "format": "int32"
                    },
                    "taxes": {
                        "type": "integer",
                        "format": "int32"
                    },
                    "itemsTotal": {
                        "type": "integer",
                        "format": "int32"
                    }
                },
                "example": {
                    "items": [
                        {
                            "id": "2000330",
                            "productId": "2000196",
                            "refId": null,
                            "name": "T-Shirt M",
                            "value": 15,
                            "price": 15,
                            "quantity": 1,
                            "shippingDiscount": 0,
                            "discount": 0,
                            "priceTags": []
                        }
                    ],
                    "grandTotal": 0,
                    "discounts": 0,
                    "shipping": 0,
                    "taxes": 0,
                    "itemsTotal": 15
                }
            },
            "Item1": {
                "title": "Item1",
                "required": [
                    "id",
                    "productId",
                    "refId",
                    "name",
                    "value",
                    "price",
                    "quantity",
                    "shippingDiscount",
                    "discount",
                    "priceTags"
                ],
                "type": "object",
                "properties": {
                    "id": {
                        "type": "string"
                    },
                    "productId": {
                        "type": "string"
                    },
                    "refId": {
                        "type": "string",
                        "nullable": true
                    },
                    "name": {
                        "type": "string"
                    },
                    "value": {
                        "type": "integer",
                        "format": "int32"
                    },
                    "price": {
                        "type": "integer",
                        "format": "int32"
                    },
                    "quantity": {
                        "type": "integer",
                        "format": "int32"
                    },
                    "shippingDiscount": {
                        "type": "integer",
                        "format": "int32"
                    },
                    "discount": {
                        "type": "integer",
                        "format": "int32"
                    },
                    "priceTags": {
                        "type": "array",
                        "items": {
                            "type": "string"
                        },
                        "description": ""
                    }
                },
                "example": {
                    "id": "2000330",
                    "productId": "2000196",
                    "refId": null,
                    "name": "T-Shirt M",
                    "value": 15,
                    "price": 15,
                    "quantity": 1,
                    "shippingDiscount": 0,
                    "discount": 0,
                    "priceTags": []
                }
            },
            "ClientProfile": {
                "title": "ClientProfile",
                "required": [
                    "email",
                    "firstName",
                    "lastName",
                    "document",
                    "documentType",
                    "phone",
                    "birthDate",
                    "isCorporate"
                ],
                "type": "object",
                "properties": {
                    "email": {
                        "type": "string"
                    },
                    "firstName": {
                        "type": "string"
                    },
                    "lastName": {
                        "type": "string"
                    },
                    "document": {
                        "type": "string"
                    },
                    "documentType": {
                        "type": "string"
                    },
                    "phone": {
                        "type": "string"
                    },
                    "birthDate": {
                        "type": "string"
                    },
                    "isCorporate": {
                        "type": "boolean"
                    }
                },
                "example": {
                    "email": "email@domain.com",
                    "firstName": "John",
                    "lastName": "Smith",
                    "document": "10617764093",
                    "documentType": "cpf",
                    "phone": "+5521993759875",
                    "birthDate": "0001-01-01T00:00:00",
                    "isCorporate": false
                }
            },
            "Shipping": {
                "title": "Shipping",
                "required": [
                    "receiverName",
                    "postalCode",
                    "city",
                    "state",
                    "country",
                    "street",
                    "number",
                    "neighborhood",
                    "complement",
                    "reference"
                ],
                "type": "object",
                "properties": {
                    "receiverName": {
                        "type": "string"
                    },
                    "postalCode": {
                        "type": "string"
                    },
                    "city": {
                        "type": "string"
                    },
                    "state": {
                        "type": "string"
                    },
                    "country": {
                        "type": "string"
                    },
                    "street": {
                        "type": "string"
                    },
                    "number": {
                        "type": "string"
                    },
                    "neighborhood": {
                        "type": "string"
                    },
                    "complement": {
                        "type": "string"
                    },
                    "reference": {
                        "type": "string"
                    }
                },
                "example": {
                    "receiverName": "John Smith",
                    "postalCode": "24417-246",
                    "city": "Leblon",
                    "state": "RJ",
                    "country": "BRA",
                    "street": "Rua Aidea Barreto do Couto",
                    "number": "9678",
                    "neighborhood": "",
                    "complement": "",
                    "reference": ""
                }
            },
            "CreateGiftCardSettlementTransactionRequest": {
                "title": "CreateGiftCardSettlementTransactionRequest",
                "required": ["client", "cart"],
                "type": "object",
                "properties": {
                    "client": {
                        "$ref": "#/components/schemas/Client"
                    },
                    "cart": {
                        "$ref": "#/components/schemas/Cart2"
                    }
                },
                "default": {
                    "client": {
                        "id": "3b1abc17-988e-4a14-8b7f-31fc6a5b955c",
                        "email": "convidadovtex@gmail.com",
                        "document": "42151783120"
                    },
                    "cart": {
                        "grandTotal": 182,
                        "relationName": "rewards-program",
                        "redemptionCode": "FASD",
                        "discounts": 20,
                        "shipping": 2,
                        "taxes": 0,
                        "items": [
                            {
                                "productId": "200",
                                "id": "2002",
                                "refId": "MEV41",
                                "name": null,
                                "price": 200,
                                "quantity": 1
                            }
                        ],
                        "itemsTotal": 200
                    }
                }
            },
            "Cart2": {
                "title": "Cart2",
                "required": [
                    "grandTotal",
                    "relationName",
                    "redemptionCode",
                    "discounts",
                    "shipping",
                    "taxes",
                    "items",
                    "itemsTotal"
                ],
                "type": "object",
                "properties": {
                    "grandTotal": {
                        "type": "integer",
                        "format": "int32"
                    },
                    "relationName": {
                        "type": "string"
                    },
                    "redemptionCode": {
                        "type": "string"
                    },
                    "discounts": {
                        "type": "integer",
                        "format": "int32"
                    },
                    "shipping": {
                        "type": "integer",
                        "format": "int32"
                    },
                    "taxes": {
                        "type": "integer",
                        "format": "int32"
                    },
                    "items": {
                        "type": "array",
                        "items": {
                            "$ref": "#/components/schemas/Item"
                        },
                        "description": ""
                    },
                    "itemsTotal": {
                        "type": "integer",
                        "format": "int32"
                    }
                },
                "example": {
                    "grandTotal": 182,
                    "relationName": "loyalty-program",
                    "redemptionCode": "FASD-ASDS-ASDA-ASDA",
                    "discounts": -20,
                    "shipping": 2,
                    "taxes": 0,
                    "items": [
                        {
                            "productId": "2000000",
                            "id": "2000002",
                            "refId": "MEV41",
                            "name": null,
                            "price": 200,
                            "quantity": 1
                        }
                    ],
                    "itemsTotal": 200
                }
            },
            "CreateGiftCardCancellationTransactionRequest": {
                "title": "CreateGiftCardCancellationTransactionRequest",
                "required": ["value", "requestId"],
                "type": "object",
                "properties": {
                    "value": {
                        "type": "number"
                    },
                    "requestId": {
                        "type": "string"
                    }
                },
                "default": {
                    "value": 12,
                    "requestId": "1209"
                }
            }
        },
        "securitySchemes": {
            "appKey": {
                "type": "apiKey",
                "in": "header",
                "name": "X-VTEX-API-AppKey"
            },
            "appToken": {
                "type": "apiKey",
                "in": "header",
                "name": "X-VTEX-API-AppToken"
            }
        }
    },
    "tags": [
        {
            "name": "Provider",
            "description": ""
        },
        {
            "name": "Transaction",
            "description": ""
        }
    ],
    "security": [
        {
            "appKey": [],
            "appToken": []
        }
    ]
}
