{
    "openapi": "3.0.0",
    "info": {
        "title": "Master Data API - v2",
        "description": "# ATTENTION: **This version isn't compliant with data entities of old version (e.g. CL and AD). It's possible to use this configuration only to new data entities.**\r\n\r\n\r\n## Welcome!\r\n\r\nVTEX Master Data is an easy-to-use, secure, fast, scalable and extensible repository. On it you can create your own Entities, store data and consult directly from the storefront or use it to store info for some external integration.\r\n\r\nThere are internal VTEX modules that use VTEX Master Data as data repository. We have the VTEX Customer Service, VTEX Profile System and VTEX InStore, for example. It is also used by other internal services.\r\n\r\nThere are two ways to use Master Data:\r\n\r\n1. Directly from the storefront\r\n2. External integration\r\n\r\n### Directly from the storefront\r\n\r\nIf your scenario is to be used inside the storefront, be aware of the following observations:\r\n\r\n1. Use the storefront host to query or store information to avoid **CORS**;\r\n2. Configure which information should be public and which shouldn't, inside the JSON Schema of the Data Entity;\r\n3. Do not create query loops (the storefront may be affected with Throttling and apis may be turned off as a security protection);\r\n4. Never add via JS any type of authentication key (x-vtex-api-appkey or x-vtex-api-apptoken);\r\n\r\n**It's important to avoid CORS using the relative path**\r\n\r\n### External Integration\r\n\r\nIf your scenario is to perform external integration, such as migrating client data from another service, be aware of the following observations:\r\n\r\n1. Use the host ```{{accountName}}.vtexcommercestable.com.br```;\r\n2. Use the authentication keys (x-vtex-api-appkey ou x-vtex-api-apptoken);\r\n\r\n### Most used attributes listed here\r\n\r\n| Name | Description |\r\n| -------- | -------- |\r\n| accountName | Account name in VTEX License Manager |\r\n| name | Data Entity name |\r\n| schema | JSON Schema of a Data Entity |\r\n| id | Identifier of a document |\r\n| x-vtex-api-appKey | User key |\r\n| x-vtex-api-appToken | User token |",
        "contact": {},
        "version": "1.0"
    },
    "servers": [
        {
            "url": "https://{accountName}.{environment}.com.br",
            "description": "VTEX server url",
            "variables": {
                "accountName": {
                    "description": "Name of the VTEX account. Used as part of the URL",
                    "default": "{accountName}"
                },
                "environment": {
                    "description": "Environment to use. Used as part of the URL.",
                    "default": "{environment}"
                }
            }
        }
    ],
    "paths": {
        "/api/dataentities/{dataEntityName}/documents": {
            "post": {
                "tags": ["Documents"],
                "summary": "Create new document",
                "description": "This request allows you to create a new document corresponding to a given data entity. For example, you can create a new customer profile or address.\r\n\r\n> You can use this request to create documents for any given data entity. Because of this, you are not restricted to using the fields exemplified below in your requests. But you should be aware of the fields allowed or required for each document you wish to create.\r\n\r\n## Example use cases\r\n\r\n### Client profile\r\n\r\nIn order to create a new customer profile, choose the `CL` data entity and send a request similar to this:\r\n\r\nPOST\r\n```\r\nhttps:\/\/examplestore.vtexcommercestable.com.br\/api\/dataentities\/Client\/documents\r\n```\r\n\r\nRequest body\r\n```json\r\n{\r\n    \"email\": \"clark.kent@examplemail.com\",\r\n    \"firstName\": \"Clark\",\r\n    \"lastName\": \"Kent\",\r\n    \"phone\": \"+12025550195\",\r\n    \"documentType\": \"CPF\",\r\n    \"document\": \"12345678900\"\r\n    \"isCorporate\": false,\r\n    \"isNewsletterOptIn\": false,\r\n    \"localeDefault\": \"en-US\"\r\n }\r\n```\r\n\r\n### Client address\r\n\r\nFor a new address, the data entity is `AD` and the request would look like this:\r\n\r\nPOST\r\n```\r\nhttps:\/\/examplestore.vtexcommercestable.com.br\/api\/dataentities\/Address\/documents\r\n```\r\n\r\nRequest body\r\n```json\r\n{\r\n    \"addressName\": \"My House\",\r\n    \"addressType\": \"residential\",\r\n    \"city\": \"Metropolis\",\r\n    \"complement\": \"\",\r\n    \"country\": \"USA\",\r\n    \"postalCode\": \"11375\",\r\n    \"receiverName\": \"Clark Kent\",\r\n    \"reference\": null,\r\n    \"state\": \"MP\",\r\n    \"street\": \"Baker Street\",\r\n    \"neighborhood\": \"Upper east side\",\r\n    \"number\": \"21\",\r\n    \"userId\": \"7e03m794-a33a-11e9-84rt6-0adfa64s5a8e\"\r\n}\r\n```",
                "operationId": "Createnewdocument",
                "parameters": [
                    {
                        "$ref": "#/components/parameters/Content-Type"
                    },
                    {
                        "$ref": "#/components/parameters/Accept"
                    },
                    {
                        "$ref": "#/components/parameters/dataEntityName"
                    },
                    {
                        "$ref": "#/components/parameters/_schema"
                    }
                ],
                "requestBody": {
                    "content": {
                        "application/json": {
                            "schema": {
                                "$ref": "#/components/schemas/DocumentRequest"
                            }
                        }
                    },
                    "required": true
                },
                "responses": {
                    "200": {
                        "description": "OK",
                        "content": {
                            "application/json": {
                                "schema": {
                                    "$ref": "#/components/schemas/documentResponse"
                                },
                                "example": {
                                    "Id": "CL-b818cbda-e489-11e6-94f4-0ac138d2d42e",
                                    "Href": "http://api.vtex.com/my-store-name/dataentities/Client/documents/b818cbda-e489-11e6-94f4-0ac138d2d42e"
                                }
                            }
                        }
                    }
                },
                "deprecated": false
            },
            "patch": {
                "tags": ["Documents"],
                "summary": "Create partial document",
                "description": "This request allows you to partially update a document corresponding to a given data entity.\r\n\r\n> You can use this request to create documents for any given data entity. Because of this, you are not restricted to using the fields exemplified below in your requests. But you should be aware of the fields allowed or required for each document you wish to update.\r\n\r\n## Example use cases\r\n\r\n### Client profile\r\n\r\nIn order to create a customer profile's `phone` and `isNewsletterOptIn` fields, choose the `CL` data entity and send a request similar to this:\r\n\r\nPATCH\r\n```\r\nhttps:\/\/examplestore.vtexcommercestable.com.br\/api\/dataentities\/Client\/documents\r\n```\r\n\r\nRequest body\r\n```json\r\n{\r\n    \"phone\": \"+12025550195\",\r\n    \"isNewsletterOptIn\": false\r\n }\r\n```\r\n\r\n### Client address\r\n\r\nIn order to update the `receiverName` of an existing address, the data entity is `AD` and the request would look like this:\r\n\r\nPATCH\r\n```\r\nhttps:\/\/examplestore.vtexcommercestable.com.br\/api\/dataentities\/Address\/documents\r\n```\r\n\r\nRequest body\r\n```json\r\n{\r\n    \"receiverName\": \"Lois Lane\"\r\n}\r\n```",
                "operationId": "Createorupdatepartialdocument",
                "parameters": [
                    {
                        "$ref": "#/components/parameters/dataEntityName"
                    },
                    {
                        "$ref": "#/components/parameters/_schema"
                    },
                    {
                        "$ref": "#/components/parameters/Content-Type"
                    },
                    {
                        "$ref": "#/components/parameters/Accept"
                    }
                ],
                "requestBody": {
                    "description": "JSON with the fields to be updated.",
                    "content": {
                        "application/json": {
                            "schema": {
                                "$ref": "#/components/schemas/DocumentRequest"
                            }
                        }
                    },
                    "required": true
                },
                "responses": {
                    "200": {
                        "description": "OK",
                        "content": {
                            "application/json": {
                                "schema": {
                                    "$ref": "#/components/schemas/documentResponse"
                                },
                                "example": {
                                    "Id": "CL-b818cbda-e489-11e6-94f4-0ac138d2d42e",
                                    "Href": "http://api.vtex.com/my-store-name/dataentities/Client/documents/b818cbda-e489-11e6-94f4-0ac138d2d42e"
                                }
                            }
                        }
                    }
                },
                "deprecated": false
            }
        },
        "/api/dataentities/Client/documents": {
            "post": {
                "tags": ["Customer profiles"],
                "summary": "Create new customer profile",
                "description": "Creates new customer profile.\r\n\r\n> You can use this request to create customer profiles according to any `CL` schema. Because of this, you are not restricted to using the fields exemplified below in your requests. But you should be aware of the fields allowed or required for the schemas you are using. Learn more about how to use [Master Data v2 schemas](https://developers.vtex.com/vtex-rest-api/docs/master-data-schema-lifecycle).",
                "operationId": "CreateNewCustomerProfilev2",
                "parameters": [
                    {
                        "$ref": "#/components/parameters/Content-Type"
                    },
                    {
                        "$ref": "#/components/parameters/Accept"
                    },
                    {
                        "$ref": "#/components/parameters/_schema"
                    }
                ],
                "requestBody": {
                    "content": {
                        "application/json": {
                            "schema": {
                                "$ref": "#/components/schemas/createUpdateProfileRequests"
                            }
                        }
                    },
                    "required": true
                },
                "responses": {
                    "200": {
                        "description": "OK",
                        "content": {
                            "application/json": {
                                "schema": {
                                    "$ref": "#/components/schemas/documentResponse"
                                },
                                "example": {
                                    "Id": "CL-b818cbda-e489-11e6-94f4-0ac138d2d42e",
                                    "Href": "http://api.vtex.com/my-store-name/dataentities/Client/documents/b818cbda-e489-11e6-94f4-0ac138d2d42e"
                                }
                            }
                        }
                    }
                },
                "deprecated": false
            }
        },
        "/api/dataentities/Client/documents/{id}": {
            "patch": {
                "tags": ["Customer profiles"],
                "summary": "Update customer profile",
                "description": "Partially updates a customer profile.\r\n\r\n> You can use this request to update customer profiles according to any `CL` schema. Because of this, you are not restricted to using the fields exemplified below in your requests. But you should be aware of the fields allowed or required for the schemas you are using. Learn more about how to use [Master Data v2 schemas](https://developers.vtex.com/vtex-rest-api/docs/master-data-schema-lifecycle).",
                "operationId": "UpdateCustomerProfile",
                "parameters": [
                    {
                        "$ref": "#/components/parameters/_schema"
                    },
                    {
                        "$ref": "#/components/parameters/Content-Type"
                    },
                    {
                        "$ref": "#/components/parameters/Accept"
                    },
                    {
                        "$ref": "#/components/parameters/id"
                    }
                ],
                "requestBody": {
                    "content": {
                        "application/json": {
                            "schema": {
                                "$ref": "#/components/schemas/createUpdateProfileRequests"
                            }
                        }
                    },
                    "required": true
                },
                "responses": {
                    "200": {
                        "description": "OK",
                        "content": {
                            "application/json": {
                                "schema": {
                                    "$ref": "#/components/schemas/documentResponse"
                                },
                                "example": {
                                    "Id": "CL-b818cbda-e489-11e6-94f4-0ac138d2d42e",
                                    "Href": "http://api.vtex.com/my-store-name/dataentities/Client/documents/b818cbda-e489-11e6-94f4-0ac138d2d42e"
                                }
                            }
                        }
                    }
                },
                "deprecated": false
            },
            "delete": {
                "tags": ["Customer profiles"],
                "summary": "Delete customer profile",
                "description": "Deletes a customer profile.",
                "operationId": "DeleteCustomerProfile",
                "parameters": [
                    {
                        "$ref": "#/components/parameters/Content-Type"
                    },
                    {
                        "$ref": "#/components/parameters/Accept"
                    },
                    {
                        "$ref": "#/components/parameters/id"
                    }
                ],
                "responses": {
                    "200": {
                        "description": "OK",
                        "content": {
                            "application/json": {
                                "schema": {
                                    "$ref": "#/components/schemas/documentResponse"
                                },
                                "example": {
                                    "Id": "CL-b818cbda-e489-11e6-94f4-0ac138d2d42e",
                                    "Href": "http://api.vtex.com/my-store-name/dataentities/Client/documents/b818cbda-e489-11e6-94f4-0ac138d2d42e"
                                }
                            }
                        }
                    }
                },
                "deprecated": false
            }
        },
        "/api/dataentities/Address/documents": {
            "post": {
                "tags": ["Addresses"],
                "summary": "Create new customer address",
                "description": "Creates new customer address. \r\n\r\n> You can use this request to create customer addresses according to any `AD` schema. Because of this, you are not restricted to using the fields exemplified below in your requests. But you should be aware of the fields allowed or required for the schemas you are using. Learn more about how to use [Master Data v2 schemas](https://developers.vtex.com/vtex-rest-api/docs/master-data-schema-lifecycle).",
                "operationId": "CreateNewCustomerAddress",
                "parameters": [
                    {
                        "$ref": "#/components/parameters/Content-Type"
                    },
                    {
                        "$ref": "#/components/parameters/Accept"
                    },
                    {
                        "$ref": "#/components/parameters/_schema"
                    }
                ],
                "requestBody": {
                    "content": {
                        "application/json": {
                            "schema": {
                                "$ref": "#/components/schemas/createUpdateAddressRequests"
                            }
                        }
                    },
                    "required": true
                },
                "responses": {
                    "200": {
                        "description": "OK",
                        "content": {
                            "application/json": {
                                "schema": {
                                    "$ref": "#/components/schemas/documentResponse"
                                },
                                "example": {
                                    "Id": "AD-b818cbda-e489-11e6-94f4-0ac138d2d42e",
                                    "Href": "http://api.vtex.com/my-store-name/dataentities/Address/documents/b818cbda-e489-11e6-94f4-0ac138d2d42e"
                                }
                            }
                        }
                    }
                },
                "deprecated": false
            }
        },
        "/api/dataentities/Address/documents/{id}": {
            "patch": {
                "tags": ["Addresses"],
                "summary": "Update customer address",
                "description": "Partially updates a customer address.\r\n\r\n> You can use this request to update customer addresses according to any `AD` schema. Because of this, you are not restricted to using the fields exemplified below in your requests. But you should be aware of the fields allowed or required for the schemas you are using. Learn more about how to use [Master Data v2 schemas](https://developers.vtex.com/vtex-rest-api/docs/master-data-schema-lifecycle).",
                "operationId": "UpdateCustomerAddress",
                "parameters": [
                    {
                        "$ref": "#/components/parameters/_schema"
                    },
                    {
                        "$ref": "#/components/parameters/Content-Type"
                    },
                    {
                        "$ref": "#/components/parameters/Accept"
                    },
                    {
                        "$ref": "#/components/parameters/id"
                    }
                ],
                "requestBody": {
                    "content": {
                        "application/json": {
                            "schema": {
                                "$ref": "#/components/schemas/createUpdateAddressRequests"
                            }
                        }
                    },
                    "required": true
                },
                "responses": {
                    "200": {
                        "description": "OK",
                        "content": {
                            "application/json": {
                                "schema": {
                                    "$ref": "#/components/schemas/documentResponse"
                                },
                                "example": {
                                    "Id": "AD-b818cbda-e489-11e6-94f4-0ac138d2d42e",
                                    "Href": "http://api.vtex.com/my-store-name/dataentities/Address/documents/b818cbda-e489-11e6-94f4-0ac138d2d42e"
                                }
                            }
                        }
                    }
                },
                "deprecated": false
            },
            "delete": {
                "tags": ["Addresses"],
                "summary": "Delete customer address",
                "description": "Deletes a customer address.",
                "operationId": "DeleteCustomerAddress",
                "parameters": [
                    {
                        "$ref": "#/components/parameters/Content-Type"
                    },
                    {
                        "$ref": "#/components/parameters/Accept"
                    },
                    {
                        "$ref": "#/components/parameters/id"
                    }
                ],
                "responses": {
                    "200": {
                        "description": "OK",
                        "content": {
                            "application/json": {
                                "schema": {
                                    "$ref": "#/components/schemas/documentResponse"
                                },
                                "example": {
                                    "Id": "AD-b818cbda-e489-11e6-94f4-0ac138d2d42e",
                                    "Href": "http://api.vtex.com/my-store-name/dataentities/Address/documents/b818cbda-e489-11e6-94f4-0ac138d2d42e"
                                }
                            }
                        }
                    }
                },
                "deprecated": false
            }
        },
        "/api/dataentities/{dataEntityName}/documents/{id}": {
            "get": {
                "tags": ["Documents"],
                "summary": "Get document",
                "description": "Get document.",
                "operationId": "Getdocument",
                "parameters": [
                    {
                        "$ref": "#/components/parameters/dataEntityName"
                    },
                    {
                        "$ref": "#/components/parameters/Content-Type"
                    },
                    {
                        "$ref": "#/components/parameters/Accept"
                    },
                    {
                        "$ref": "#/components/parameters/id"
                    }
                ],
                "responses": {
                    "200": {
                        "description": "Sucessful response",
                        "headers": {},
                        "content": {
                            "application/json": {
                                "schema": {
                                    "$ref": "#/components/schemas/Using_fields_all"
                                },
                                "example": {
                                    "id": "b818cbda-e489-11e6-94f4-0ac138d2d42e",
                                    "accountId": "14af940d-9300-4279-9355-61d44c2ff879",
                                    "accountName": "my-store-name",
                                    "dataEntityId": "CL"
                                }
                            }
                        }
                    }
                },
                "deprecated": false
            },
            "put": {
                "tags": ["Documents"],
                "summary": "Update entire document",
                "description": "Update an existing document corresponding to a given data entity. For example, you can update a customer profile or address.\r\n\r\n> You can use this request to update documents in any given data entity. Because of this, you are not restricted to using the fields exemplified below in your requests. But you should be aware of the fields allowed or required for each document you wish to update.\r\n\r\n## Example use cases\r\n\r\n### Client profile\r\n\r\nIn order to update an existing customer profile, choose the `CL` data entity and send a request similar to this:\r\n\r\nPUT\r\n```\r\nhttps:\/\/examplestore.vtexcommercestable.com.br\/api\/dataentities\/Client\/documents\/123456789abc\r\n```\r\n\r\nRequest body\r\n```json\r\n{\r\n    \"email\": \"clark.kent@examplemail.com\",\r\n    \"firstName\": \"Clark\",\r\n    \"lastName\": \"Kent\",\r\n    \"phone\": \"+12025550195\",\r\n    \"documentType\": \"CPF\",\r\n    \"document\": \"12345678900\"\r\n    \"isCorporate\": false,\r\n    \"isNewsletterOptIn\": false,\r\n    \"localeDefault\": \"en-US\"\r\n }\r\n```\r\n\r\n### Client address\r\n\r\nTo update an address, the data entity is `AD` and the request would look like this:\r\n\r\nPUT\r\n```\r\nhttps:\/\/examplestore.vtexcommercestable.com.br\/api\/dataentities\/Address\/documents\/123456789abc\r\n```\r\n\r\nRequest body\r\n```json\r\n{\r\n    \"addressName\": \"My House\",\r\n    \"addressType\": \"residential\",\r\n    \"city\": \"Metropolis\",\r\n    \"complement\": \"\",\r\n    \"country\": \"USA\",\r\n    \"postalCode\": \"11375\",\r\n    \"receiverName\": \"Clark Kent\",\r\n    \"reference\": null,\r\n    \"state\": \"MP\",\r\n    \"street\": \"Baker Street\",\r\n    \"neighborhood\": \"Upper east side\",\r\n    \"number\": \"21\",\r\n    \"userId\": \"7e03m794-a33a-11e9-84rt6-0adfa64s5a8e\"\r\n}\r\n```",
                "operationId": "Updateentiredocument",
                "parameters": [
                    {
                        "$ref": "#/components/parameters/dataEntityName"
                    },
                    {
                        "$ref": "#/components/parameters/_where"
                    },
                    {
                        "$ref": "#/components/parameters/_schema"
                    },
                    {
                        "$ref": "#/components/parameters/Accept"
                    },
                    {
                        "$ref": "#/components/parameters/id"
                    }
                ],
                "requestBody": {
                    "content": {
                        "application/json": {
                            "schema": {
                                "$ref": "#/components/schemas/DocumentRequest"
                            }
                        }
                    },
                    "required": true
                },
                "responses": {
                    "200": {
                        "description": "OK",
                        "content": {
                            "application/json": {
                                "schema": {
                                    "$ref": "#/components/schemas/documentResponse"
                                },
                                "example": {
                                    "Id": "CL-b818cbda-e489-11e6-94f4-0ac138d2d42e",
                                    "Href": "http://api.vtex.com/my-store-name/dataentities/Client/documents/b818cbda-e489-11e6-94f4-0ac138d2d42e"
                                }
                            }
                        }
                    }
                },
                "deprecated": false
            },
            "patch": {
                "tags": ["Documents"],
                "summary": "Update partial document",
                "description": "This request allows you to partially update a document corresponding to a given data entity. For example, you can update some fields of a customer profile or address.\r\n\r\n> You can use this request to update documents for any given data entity. Because of this, you are not restricted to using the fields exemplified below in your requests. But you should be aware of the fields allowed or required for each document you wish to update.\r\n\r\n## Example use cases\r\n\r\n### Client profile\r\n\r\nIn order to update a customer profile's `phone` and `isNewsletterOptIn` fields, choose the `CL` data entity and send a request similar to this:\r\n\r\nPATCH\r\n```\r\nhttps:\/\/examplestore.vtexcommercestable.com.br\/api\/dataentities\/Client\/documents\/123456789abc\r\n```\r\n\r\nRequest body\r\n```json\r\n{\r\n    \"phone\": \"+12025550195\",\r\n    \"isNewsletterOptIn\": false\r\n }\r\n```\r\n\r\n### Client address\r\n\r\nIn order to update the `receiverName` of an existing address, the data entity is `AD` and the request would look like this:\r\n\r\nPATCH\r\n```\r\nhttps:\/\/examplestore.vtexcommercestable.com.br\/api\/dataentities\/Address\/documents\/123456789abc\r\n```\r\n\r\nRequest body\r\n```json\r\n{\r\n    \"receiverName\": \"Lois Lane\"\r\n}\r\n```",
                "operationId": "Updatepartialdocument",
                "parameters": [
                    {
                        "$ref": "#/components/parameters/dataEntityName"
                    },
                    {
                        "$ref": "#/components/parameters/_where"
                    },
                    {
                        "$ref": "#/components/parameters/_schema"
                    },
                    {
                        "$ref": "#/components/parameters/Accept"
                    },
                    {
                        "$ref": "#/components/parameters/id"
                    }
                ],
                "requestBody": {
                    "content": {
                        "application/json": {
                            "schema": {
                                "$ref": "#/components/schemas/DocumentRequest"
                            }
                        }
                    },
                    "required": true
                },
                "responses": {
                    "200": {
                        "description": "OK",
                        "content": {
                            "application/json": {
                                "schema": {
                                    "$ref": "#/components/schemas/documentResponse"
                                },
                                "example": {
                                    "Id": "CL-b818cbda-e489-11e6-94f4-0ac138d2d42e",
                                    "Href": "http://api.vtex.com/my-store-name/dataentities/Client/documents/b818cbda-e489-11e6-94f4-0ac138d2d42e"
                                }
                            }
                        }
                    }
                },
                "deprecated": false
            },
            "delete": {
                "tags": ["Documents"],
                "summary": "Delete document",
                "description": "It allows to delete a document.",
                "operationId": "Deletedocument",
                "parameters": [
                    {
                        "$ref": "#/components/parameters/dataEntityName"
                    },
                    {
                        "$ref": "#/components/parameters/Content-Type"
                    },
                    {
                        "$ref": "#/components/parameters/Accept"
                    },
                    {
                        "$ref": "#/components/parameters/id"
                    }
                ],
                "responses": {
                    "200": {
                        "description": "OK",
                        "headers": {}
                    }
                },
                "deprecated": false
            }
        },
        "/api/dataentities/{dataEntityName}/search": {
            "get": {
                "tags": ["Search"],
                "summary": "Search documents",
                "description": "Retrieves documents' information, while choosing which fields will be returned and filtering documents by specific fields.\r\n\r\n> The response header `REST-Content-Range` indicates the total amount of results for that specific search. For example, it may return `resources 0-100/136108`, which indicates it has returned results from 0 to 100 of a total 136108.\r\n\r\nBelow you can see some query examples and learn more about each query parameter.\r\n\r\n## Query examples\r\n\r\n### Simple filter\r\n\r\n```\r\n\/dataentities\/Client\/search?email=my@email.com\r\n```\r\n\r\n### Complex filter\r\n\r\n```\r\n\/dataentities\/Client\/search?_where=(firstName=Jon OR lastName=Smith) OR (createdIn between 2001-01-01 AND 2016-01-01)\r\n```\r\n\r\n### Date Range\r\n\r\n```\r\n\/dataentities\/Client\/search?_where=createdIn between 2001-01-01 AND 2016-01-01\r\n```\r\n\r\n### Range numeric fields\r\n\r\n```\r\n\/dataentities\/Client\/search?_where=age between 18 AND 25\r\n```\r\n\r\n### Partial filter\r\n\r\n```\r\n\/dataentities\/Client\/search?firstName=*Maria*\r\n```\r\n\r\n### Filter for null values\r\n\r\n```\r\n\/dataentities\/Client\/search?_where=firstName is null\r\n```\r\n\r\n### Filter for non-null values\r\n\r\n```\r\n\/dataentities\/Client\/search?_where=firstName is not null\r\n```\r\n\r\n### Filter for difference\r\n```\r\n\/dataentities\/Client\/search?_where=firstName<>maria\r\n```\r\n\r\n### Filter greater than or less than\r\n```\r\n\/dataentities\/Client\/search?_where=number>5\r\n\/dataentities\/Client\/search?_where=date<2001-01-01\r\n```",
                "operationId": "Searchdocuments",
                "parameters": [
                    {
                        "$ref": "#/components/parameters/dataEntityName"
                    },
                    {
                        "$ref": "#/components/parameters/Content-Type"
                    },
                    {
                        "$ref": "#/components/parameters/Accept"
                    },
                    {
                        "$ref": "#/components/parameters/REST-Range"
                    },
                    {
                        "$ref": "#/components/parameters/_fields"
                    },
                    {
                        "$ref": "#/components/parameters/_where"
                    },
                    {
                        "$ref": "#/components/parameters/_schema"
                    },
                    {
                        "$ref": "#/components/parameters/_keyword"
                    },
                    {
                        "$ref": "#/components/parameters/_sort"
                    }
                ],
                "responses": {
                    "200": {
                        "description": "OK"
                    }
                },
                "deprecated": false
            }
        },
        "/api/dataentities/{dataEntityName}/scroll": {
            "get": {
                "tags": ["Scroll"],
                "summary": "Scroll documents",
                "description": "In the first request, the `X-VTEX-MD-TOKEN` token will be returned in the header. This token must be passed to the next request in the query string `_token` parameter. The token has a timeout of 10 minutes, which refreshes after each request.\r\n\r\nAfter the token is obtained it is no longer necessary to send the filter or document size per page parameters. You only need to resend the token until the document collection is empty.\r\n\r\n## Request examples\r\n\r\nFirst request:\r\n```\r\n\/dataentities\/Client\/scroll?isCluster=true&_size=250&_fields=email,firstName\r\n```\r\n\r\nRetrieve the token in the header `X-VTEX-MD-TOKEN` from the first request's response and use it to make the next requests.\r\n\r\nSubsequent requests:\r\n```\r\n\/dataentities\/Client\/scroll?_token={tokenValueExample}\r\n```",
                "operationId": "Scrolldocuments",
                "parameters": [
                    {
                        "$ref": "#/components/parameters/dataEntityName"
                    },
                    {
                        "$ref": "#/components/parameters/Content-Type"
                    },
                    {
                        "$ref": "#/components/parameters/Accept"
                    },
                    {
                        "$ref": "#/components/parameters/_token"
                    },
                    {
                        "$ref": "#/components/parameters/REST-Range"
                    },
                    {
                        "$ref": "#/components/parameters/_fields"
                    },
                    {
                        "$ref": "#/components/parameters/_where"
                    },
                    {
                        "$ref": "#/components/parameters/_schema"
                    },
                    {
                        "$ref": "#/components/parameters/_keyword"
                    },
                    {
                        "$ref": "#/components/parameters/_sort"
                    }
                ],
                "responses": {
                    "200": {
                        "description": "OK",
                        "headers": {}
                    }
                },
                "deprecated": false
            }
        },
        "/api/dataentities/{dataEntityName}/schemas": {
            "get": {
                "tags": ["Schemas"],
                "summary": "Get schemas",
                "description": "Return the schemas saved.",
                "operationId": "Getschemas",
                "parameters": [
                    {
                        "$ref": "#/components/parameters/dataEntityName"
                    },
                    {
                        "$ref": "#/components/parameters/Content-Type"
                    }
                ],
                "responses": {
                    "200": {
                        "description": "OK",
                        "headers": {}
                    }
                },
                "deprecated": false
            }
        },
        "/api/dataentities/{dataEntityName}/schemas/{schemaName}": {
            "get": {
                "tags": ["Schemas"],
                "summary": "Get schema by name",
                "description": "Returns an existing schema for a given data entity.",
                "operationId": "Getschemabyname",
                "parameters": [
                    {
                        "$ref": "#/components/parameters/dataEntityName"
                    },
                    {
                        "$ref": "#/components/parameters/Content-Type"
                    },
                    {
                        "$ref": "#/components/parameters/schemaName"
                    }
                ],
                "responses": {
                    "200": {
                        "description": "OK",
                        "headers": {}
                    }
                },
                "deprecated": false
            },
            "put": {
                "tags": ["Schemas"],
                "summary": "Save schema by name",
                "description": "Creates or edits a data entity schema. Learn more about [Master Data schemas](https://developers.vtex.com/vtex-rest-api/docs/master-data-schema-lifecycle)\r\n\r\n> Note that if you send a `schemaName` that does not exist for that data entity, this request will create it.\r\n\r\nThis request can also be used to [create or edit Master Data v2 triggers](https://developers.vtex.com/vtex-rest-api/docs/setting-up-triggers-in-master-data-v2).",
                "operationId": "Saveschemabyname",
                "parameters": [
                    {
                        "$ref": "#/components/parameters/dataEntityName"
                    },
                    {
                        "$ref": "#/components/parameters/schemaName"
                    }
                ],
                "requestBody": {
                    "description": "Request body for saving schema",
                    "content": {
                        "application/json": {
                            "schema": {
                                "$ref": "#/components/schemas/SaveschemabynameRequest"
                            },
                            "example": {
                                "properties": {
                                    "name": {
                                        "type": "string"
                                    }
                                }
                            }
                        }
                    },
                    "required": true
                },
                "responses": {
                    "200": {
                        "description": "OK",
                        "headers": {}
                    }
                },
                "deprecated": false
            }
        },
        "/api/dataentities/{dataEntityName}/indices": {
            "get": {
                "tags": ["Indices"],
                "summary": "Get indices",
                "description": "Returns the list of indices by data entity.",
                "operationId": "Getindices",
                "parameters": [
                    {
                        "$ref": "#/components/parameters/dataEntityName"
                    },
                    {
                        "$ref": "#/components/parameters/Content-Type"
                    }
                ],
                "responses": {
                    "200": {
                        "description": "OK",
                        "headers": {}
                    }
                },
                "deprecated": false
            },
            "put": {
                "tags": ["Indices"],
                "summary": "Put indices",
                "description": "Create an index.",
                "operationId": "Putindices",
                "parameters": [
                    {
                        "$ref": "#/components/parameters/dataEntityName"
                    }
                ],
                "requestBody": {
                    "description": "Request body for creating an index",
                    "content": {
                        "application/json": {
                            "schema": {
                                "$ref": "#/components/schemas/PutindicesRequest"
                            },
                            "example": {
                                "name": "indexName",
                                "multiple": false,
                                "fields": "fieldName"
                            }
                        }
                    },
                    "required": true
                },
                "responses": {
                    "200": {
                        "description": "OK",
                        "headers": {}
                    }
                },
                "deprecated": false
            }
        },
        "/api/dataentities/{dataEntityName}/indices/{index_name}": {
            "get": {
                "tags": ["Indices"],
                "summary": "Get index by name",
                "description": "Returns an index.",
                "operationId": "Getindexbyname",
                "parameters": [
                    {
                        "$ref": "#/components/parameters/dataEntityName"
                    },
                    {
                        "$ref": "#/components/parameters/Content-Type"
                    },
                    {
                        "$ref": "#/components/parameters/index_name"
                    }
                ],
                "responses": {
                    "200": {
                        "description": "OK",
                        "headers": {}
                    }
                },
                "deprecated": false
            },
            "delete": {
                "tags": ["Indices"],
                "summary": "Delete index by name",
                "description": "Delete an index.",
                "operationId": "Deleteindexbyname",
                "parameters": [
                    {
                        "$ref": "#/components/parameters/dataEntityName"
                    },
                    {
                        "$ref": "#/components/parameters/Content-Type"
                    },
                    {
                        "$ref": "#/components/parameters/index_name"
                    }
                ],
                "responses": {
                    "200": {
                        "description": "OK",
                        "headers": {}
                    }
                },
                "deprecated": false
            }
        },
        "/api/dataentities/{dataEntityName}/documents/{id}/clusters": {
            "post": {
                "tags": ["Clusters"],
                "summary": "Validate document by clusters",
                "description": "Check if a document is present in one or more clusters (specific set of field values).\r\n\r\n> There is a limit of five rules per request.",
                "operationId": "Validatedocumentbyclusters",
                "parameters": [
                    {
                        "$ref": "#/components/parameters/dataEntityName"
                    },
                    {
                        "$ref": "#/components/parameters/Accept"
                    },
                    {
                        "$ref": "#/components/parameters/id"
                    }
                ],
                "requestBody": {
                    "description": "Request body for validating a document by clusters",
                    "content": {
                        "application/json": {
                            "schema": {
                                "type": "string",
                                "format": "json",
                                "default": "[\n    {\n        \"name\": \"male\",        \n        \"rule\": \"gender=male\"\n    },\n    {\n        \"name\": \"complex\",\n        \"rule\": \"((gender=male AND percent=0.35) AND any is null) AND (name=*go*)\"\n    },    \n    {\n        \"name\": \"complex2\",\n        \"rule\": \"((gender=male AND percent=0.35) AND any is not null) OR (name=*go*)\"\n    },\n    {\n        \"name\": \"createdIn\",\n        \"rule\": \"createdIn between 2015-10-28 AND 2015-10-30\"\n    }\n]"
                            },
                            "example": "[\n    {\n        \"name\": \"male\",        \n        \"rule\": \"gender=male\"\n    },\n    {\n        \"name\": \"complex\",\n        \"rule\": \"((gender=male AND percent=0.35) AND any is null) AND (name=*go*)\"\n    },    \n    {\n        \"name\": \"complex2\",\n        \"rule\": \"((gender=male AND percent=0.35) AND any is not null) OR (name=*go*)\"\n    },\n    {\n        \"name\": \"createdIn\",\n        \"rule\": \"createdIn between 2015-10-28 AND 2015-10-30\"\n    }\n]"
                        }
                    },
                    "required": true
                },
                "responses": {
                    "200": {
                        "description": "OK",
                        "headers": {}
                    }
                },
                "deprecated": false
            }
        },
        "/api/dataentities/{dataEntityName}/documents/{id}/versions": {
            "get": {
                "tags": ["Versions"],
                "summary": "List versions",
                "description": "Allows to list the versions of a document.",
                "operationId": "Listversions",
                "parameters": [
                    {
                        "$ref": "#/components/parameters/dataEntityName"
                    },
                    {
                        "$ref": "#/components/parameters/Content-Type"
                    },
                    {
                        "$ref": "#/components/parameters/Accept"
                    },
                    {
                        "$ref": "#/components/parameters/id"
                    },
                    {
                        "name": "load",
                        "in": "query",
                        "description": "If true, return all the fields in each version of the document",
                        "required": false,
                        "schema": {
                            "type": "boolean",
                            "default": true
                        }
                    },
                    {
                        "name": "fields",
                        "in": "query",
                        "description": "If `load` is true, the response will return only these specific fields",
                        "required": false,
                        "schema": {
                            "type": "string",
                            "default": "id,dataEntityId,isNewsletterOptIn,createdBy"
                        }
                    }
                ],
                "responses": {
                    "200": {
                        "description": "OK",
                        "headers": {},
                        "content": {
                            "application/json": {
                                "schema": {
                                    "type": "array",
                                    "items": {
                                        "$ref": "#/components/schemas/Listversion"
                                    }
                                },
                                "example": [
                                    {
                                        "id": "_EAR0cJ7XB5k5grnmm0zeKGlVvVM9WCPy_",
                                        "date": "2016-10-18T16:53:32+00:00",
                                        "document": {
                                            "id": "72e7f8dd-1168-23ec-82ac-0e2b61663eb4",
                                            "dataEntityId": "CL",
                                            "isNewsletterOptIn": true,
                                            "createdBy": "81fc8b10-25b7-48de-b425-7b93554002cc"
                                        }
                                    },
                                    {
                                        "id": "_E5SH9WXVvhPBNnbQtYAAGqrIysIeNYhV_",
                                        "date": "2016-09-08T20:11:42+00:00",
                                        "document": {
                                            "id": "72e7f8dd-1168-23ec-82ac-0e2b61663eb4",
                                            "dataEntityId": "CL",
                                            "isNewsletterOptIn": true,
                                            "createdBy": "81fc8b10-25b7-48de-b425-7b93554002cc"
                                        }
                                    }
                                ]
                            }
                        }
                    }
                },
                "deprecated": false
            }
        },
        "/api/dataentities/{dataEntityName}/documents/{id}/versions/{versionId}": {
            "get": {
                "tags": ["Versions"],
                "summary": "Get version",
                "description": "Returns the version of a document.",
                "operationId": "Getversion",
                "parameters": [
                    {
                        "$ref": "#/components/parameters/dataEntityName"
                    },
                    {
                        "$ref": "#/components/parameters/Content-Type"
                    },
                    {
                        "$ref": "#/components/parameters/Accept"
                    },
                    {
                        "$ref": "#/components/parameters/id"
                    },
                    {
                        "$ref": "#/components/parameters/versionId"
                    }
                ],
                "responses": {
                    "200": {
                        "description": "OK",
                        "headers": {},
                        "content": {
                            "application/json": {
                                "schema": {
                                    "$ref": "#/components/schemas/Getversion"
                                },
                                "example": {
                                    "id": "version-id",
                                    "author": "user-id",
                                    "document": {
                                        "id": "my-id",
                                        "dataEntityId": "CL",
                                        "accountId": "my-account-id",
                                        "accountName": "my-account",
                                        "followers": [],
                                        "email": "teste@mail.com",
                                        "rclastsession": "163054c0-954f-11e6-891e-4d2b1c3450a4",
                                        "rclastsessiondate": "2016-10-18T16:53:00",
                                        "checkouttag": null,
                                        "carttag": null,
                                        "departmentVisitedTag": {
                                            "DisplayValue": "Ar e Ventilação",
                                            "Scores": {
                                                "Ar e Ventilação": [
                                                    {
                                                        "Point": 1,
                                                        "Date": "2016-10-18T16:53:31.0842607Z",
                                                        "Until": "2017-04-16T16:53:31.0842607Z"
                                                    }
                                                ]
                                            }
                                        }
                                    }
                                }
                            }
                        }
                    }
                },
                "deprecated": false
            },
            "put": {
                "tags": ["Versions"],
                "summary": "Put version",
                "description": "Updates document with version values.",
                "operationId": "Putversion",
                "parameters": [
                    {
                        "$ref": "#/components/parameters/dataEntityName"
                    },
                    {
                        "$ref": "#/components/parameters/Content-Type"
                    },
                    {
                        "$ref": "#/components/parameters/Accept"
                    },
                    {
                        "$ref": "#/components/parameters/id"
                    },
                    {
                        "name": "versionId",
                        "in": "path",
                        "description": "ID of the version to update",
                        "required": true,
                        "style": "simple",
                        "schema": {
                            "type": "string",
                            "default": "{{versionId}}"
                        }
                    }
                ],
                "responses": {
                    "200": {
                        "description": "OK",
                        "content": {
                            "application/json": {
                                "schema": {
                                    "$ref": "#/components/schemas/documentResponse"
                                },
                                "example": {
                                    "Id": "CL-b818cbda-e489-11e6-94f4-0ac138d2d42e",
                                    "Href": "http://api.vtex.com/my-store-name/dataentities/Client/documents/b818cbda-e489-11e6-94f4-0ac138d2d42e"
                                }
                            }
                        }
                    }
                },
                "deprecated": false
            }
        }
    },
    "security": [
        {
            "appKey": [],
            "appToken": []
        }
    ],
    "components": {
        "securitySchemes": {
            "appKey": {
                "type": "apiKey",
                "in": "header",
                "name": "X-VTEX-API-AppKey"
            },
            "appToken": {
                "type": "apiKey",
                "in": "header",
                "name": "X-VTEX-API-AppToken"
            }
        },
        "schemas": {
            "DEPRECATED_DocumentRequest": {
                "type": "object",
                "description": "This can be any pure JSON document.",
                "properties": {
                    "field": {
                        "type": "string",
                        "description": "This can be any JSON document field."
                    }
                }
            },
            "DocumentRequest": {
                "title": "DocumentRequest",
                "type": "object",
                "additionalProperties": {
                    "type": "string",
                    "description": "JSON document fields."
                },
                "description": "This can be any pure JSON document. Add new _Key-Value_ pairs to test."
            },
            "Using_fields_all": {
                "title": "Using_fields=_all",
                "required": ["id", "accountId", "accountName", "dataEntityId"],
                "type": "object",
                "properties": {
                    "id": {
                        "type": "string"
                    },
                    "accountId": {
                        "type": "string"
                    },
                    "accountName": {
                        "type": "string"
                    },
                    "dataEntityId": {
                        "type": "string"
                    }
                },
                "example": {
                    "id": "b818cbda-e489-11e6-94f4-0ac138d2d42e",
                    "accountId": "14af940d-9300-4279-9355-61d44c2ff879",
                    "accountName": "my-store-name",
                    "dataEntityId": "CL"
                }
            },
            "SaveschemabynameRequest": {
                "title": "SaveschemabynameRequest",
                "required": ["properties"],
                "type": "object",
                "properties": {
                    "properties": {
                        "$ref": "#/components/schemas/Properties"
                    }
                },
                "example": {
                    "properties": {
                        "name": {
                            "type": "string"
                        }
                    }
                }
            },
            "Properties": {
                "title": "Properties",
                "required": ["name"],
                "type": "object",
                "properties": {
                    "name": {
                        "$ref": "#/components/schemas/Name"
                    }
                },
                "example": {
                    "name": {
                        "type": "string"
                    }
                }
            },
            "Name": {
                "title": "Name",
                "required": ["type"],
                "type": "object",
                "properties": {
                    "type": {
                        "type": "string"
                    }
                },
                "example": {
                    "type": "string"
                }
            },
            "PutindicesRequest": {
                "title": "PutindicesRequest",
                "required": ["name", "multiple", "fields"],
                "type": "object",
                "properties": {
                    "name": {
                        "description": "Name to identify the index",
                        "type": "string"
                    },
                    "multiple": {
                        "description": "Determines whether the values need to be unique. If false, values must be unique.",
                        "type": "boolean"
                    },
                    "fields": {
                        "description": "Comma-separted fields of the index",
                        "type": "string"
                    }
                },
                "example": {
                    "name": "indexName",
                    "multiple": false,
                    "fields": "fieldName"
                }
            },
            "ValidatedocumentbyclustersRequest": {
                "title": "ValidatedocumentbyclustersRequest",
                "required": ["name", "rule"],
                "type": "object",
                "properties": {
                    "name": {
                        "type": "string"
                    },
                    "rule": {
                        "type": "string"
                    }
                },
                "example": {
                    "name": "male",
                    "rule": "gender=male"
                }
            },
            "Listversion": {
                "title": "Listversion",
                "required": ["id", "date"],
                "type": "object",
                "properties": {
                    "id": {
                        "type": "string"
                    },
                    "date": {
                        "type": "string"
                    },
                    "document": {
                        "type": "object"
                    }
                }
            },
            "Getversion": {
                "title": "Getversion",
                "required": ["id", "author", "document"],
                "type": "object",
                "properties": {
                    "id": {
                        "type": "string"
                    },
                    "author": {
                        "type": "string"
                    },
                    "document": {
                        "$ref": "#/components/schemas/Document"
                    }
                },
                "example": {
                    "id": "version-id",
                    "author": "user-id",
                    "document": {
                        "id": "my-id",
                        "dataEntityId": "CL",
                        "accountId": "my-account-id",
                        "accountName": "my-account",
                        "followers": [],
                        "email": "teste@mail.com",
                        "rclastsession": "163054c0-954f-11e6-891e-4d2b1c3450a4",
                        "rclastsessiondate": "2016-10-18T16:53:00",
                        "checkouttag": null,
                        "carttag": null,
                        "departmentVisitedTag": {
                            "DisplayValue": "Ar e Ventilação",
                            "Scores": {
                                "Ar e Ventilação": [
                                    {
                                        "Point": 1,
                                        "Date": "2016-10-18T16:53:31.0842607Z",
                                        "Until": "2017-04-16T16:53:31.0842607Z"
                                    }
                                ]
                            }
                        }
                    }
                }
            },
            "Document": {
                "title": "Document",
                "required": [
                    "id",
                    "dataEntityId",
                    "accountId",
                    "accountName",
                    "followers",
                    "email",
                    "rclastsession",
                    "rclastsessiondate",
                    "checkouttag",
                    "carttag",
                    "departmentVisitedTag"
                ],
                "type": "object",
                "properties": {
                    "id": {
                        "type": "string"
                    },
                    "dataEntityId": {
                        "type": "string"
                    },
                    "accountId": {
                        "type": "string"
                    },
                    "accountName": {
                        "type": "string"
                    },
                    "followers": {
                        "type": "array",
                        "items": {
                            "type": "string"
                        },
                        "description": ""
                    },
                    "email": {
                        "type": "string"
                    },
                    "rclastsession": {
                        "type": "string"
                    },
                    "rclastsessiondate": {
                        "type": "string"
                    },
                    "checkouttag": {
                        "type": "string",
                        "nullable": true
                    },
                    "carttag": {
                        "type": "string",
                        "nullable": true
                    },
                    "departmentVisitedTag": {
                        "$ref": "#/components/schemas/DepartmentVisitedTag"
                    }
                },
                "example": {
                    "id": "my-id",
                    "dataEntityId": "CL",
                    "accountId": "my-account-id",
                    "accountName": "my-account",
                    "followers": [],
                    "email": "teste@mail.com",
                    "rclastsession": "163054c0-954f-11e6-891e-4d2b1c3450a4",
                    "rclastsessiondate": "2016-10-18T16:53:00",
                    "checkouttag": null,
                    "carttag": null,
                    "departmentVisitedTag": {
                        "DisplayValue": "Ar e Ventilação",
                        "Scores": {
                            "Ar e Ventilação": [
                                {
                                    "Point": 1,
                                    "Date": "2016-10-18T16:53:31.0842607Z",
                                    "Until": "2017-04-16T16:53:31.0842607Z"
                                }
                            ]
                        }
                    }
                }
            },
            "DepartmentVisitedTag": {
                "title": "DepartmentVisitedTag",
                "required": ["DisplayValue", "Scores"],
                "type": "object",
                "properties": {
                    "DisplayValue": {
                        "type": "string"
                    },
                    "Scores": {
                        "$ref": "#/components/schemas/Scores"
                    }
                },
                "example": {
                    "DisplayValue": "Ar e Ventilação",
                    "Scores": {
                        "Ar e Ventilação": [
                            {
                                "Point": 1,
                                "Date": "2016-10-18T16:53:31.0842607Z",
                                "Until": "2017-04-16T16:53:31.0842607Z"
                            }
                        ]
                    }
                }
            },
            "Scores": {
                "title": "Scores",
                "required": ["Ar e Ventilação"],
                "type": "object",
                "properties": {
                    "Ar e Ventilação": {
                        "type": "array",
                        "items": {
                            "$ref": "#/components/schemas/ArEVentilaO"
                        },
                        "description": ""
                    }
                },
                "example": {
                    "Ar e Ventilação": [
                        {
                            "Point": 1,
                            "Date": "2016-10-18T16:53:31.0842607Z",
                            "Until": "2017-04-16T16:53:31.0842607Z"
                        }
                    ]
                }
            },
            "ArEVentilaO": {
                "title": "ArEVentilaO",
                "required": ["Point", "Date", "Until"],
                "type": "object",
                "properties": {
                    "Point": {
                        "type": "integer",
                        "format": "int32"
                    },
                    "Date": {
                        "type": "string"
                    },
                    "Until": {
                        "type": "string"
                    }
                },
                "example": {
                    "Point": 1,
                    "Date": "2016-10-18T16:53:31.0842607Z",
                    "Until": "2017-04-16T16:53:31.0842607Z"
                }
            },
            "documentResponse": {
                "required": ["Id", "Href"],
                "type": "object",
                "properties": {
                    "Id": {
                        "type": "string",
                        "description": "ID of the document that was created or updated."
                    },
                    "Href": {
                        "type": "string",
                        "description": "Document reference URL."
                    }
                }
            },
            "createUpdateProfileRequests": {
                "type": "object",
                "properties": {
                    "email": {
                        "type": "string",
                        "description": "Client email address.",
                        "example": "clark.kent@examplemail.com",
                        "nullable": true
                    },
                    "firstName": {
                        "type": "string",
                        "description": "Client first name.",
                        "example": "Clark",
                        "nullable": true
                    },
                    "lastName": {
                        "type": "string",
                        "description": "Client last name.",
                        "example": "Kent",
                        "nullable": true
                    },
                    "phone": {
                        "type": "string",
                        "description": "Client telephone number.",
                        "example": "+12025550195",
                        "nullable": true
                    },
                    "documentType": {
                        "type": "string",
                        "description": "Client document type.",
                        "example": "CPF",
                        "nullable": true
                    },
                    "document": {
                        "type": "string",
                        "description": "Client document.",
                        "example": "12345678900",
                        "nullable": true
                    },
                    "isCorporate": {
                        "type": "boolean",
                        "description": "Indicates whether client is corporate.",
                        "example": false,
                        "nullable": true
                    },
                    "isNewsletterOptIn": {
                        "type": "boolean",
                        "description": "Indicates whether client otped to receive the store newsletter.",
                        "example": false,
                        "nullable": true
                    },
                    "localeDefault": {
                        "type": "string",
                        "description": "Default locale, used to set store language and currency, for example.",
                        "example": "en-US",
                        "nullable": true
                    }
                }
            },
            "createUpdateAddressRequests": {
                "type": "object",
                "properties": {
                    "addressName": {
                        "type": "string",
                        "description": "Address name.",
                        "example": "My house",
                        "nullable": true
                    },
                    "addressType": {
                        "type": "string",
                        "description": "Type of address. For example, `Residential` or `Pickup`, among others.",
                        "example": "residential",
                        "nullable": true
                    },
                    "receiverName": {
                        "type": "string",
                        "description": "Name of the person who is going to receive the order.",
                        "example": "Clark Kent.",
                        "nullable": true
                    },
                    "city": {
                        "type": "string",
                        "description": "City of the shipping address.",
                        "example": "Rio de Janeiro",
                        "nullable": true
                    },
                    "state": {
                        "type": "string",
                        "description": "State of the shipping address.",
                        "example": "Rio de Janeiro",
                        "nullable": true
                    },
                    "country": {
                        "type": "string",
                        "description": "Three letter ISO code of the country of the shipping address.",
                        "example": "BRA",
                        "nullable": true
                    },
                    "postalCode": {
                        "type": "string",
                        "description": "Postal Code.",
                        "example": "12345-000",
                        "nullable": true
                    },
                    "street": {
                        "type": "string",
                        "description": "Street of the address.",
                        "example": "Praia de Botafogo",
                        "nullable": true
                    },
                    "number": {
                        "type": "string",
                        "description": "Number of the building, house or apartment in the shipping address.",
                        "example": "300",
                        "nullable": true
                    },
                    "neighborhood": {
                        "type": "string",
                        "description": "Neighborhood of the address.",
                        "example": "Botafogo",
                        "nullable": true
                    },
                    "complement": {
                        "type": "string",
                        "description": "Complement to the shipping address in case it applies.",
                        "example": "3rd floor",
                        "nullable": true
                    },
                    "reference": {
                        "type": "string",
                        "description": "Complement that might help locate the shipping address more precisely in case of delivery.",
                        "example": "Grey building",
                        "nullable": true
                    },
                    "userId": {
                        "type": "string",
                        "description": "ID of the customer to whom the address belongs.",
                        "example": "7e03m794-a33a-11e9-84rt6-0adfa64s5a8e",
                        "nullable": true
                    }
                }
            }
        },
        "parameters": {
            "Content-Type": {
                "name": "Content-Type",
                "in": "header",
                "description": "Type of the content being sent.",
                "required": true,
                "style": "simple",
                "schema": {
                    "type": "string",
                    "example": "application/json"
                }
            },
            "Accept": {
                "name": "Accept",
                "in": "header",
                "description": "HTTP Client Negotiation _Accept_ Header. Indicates the types of responses the client can understand.",
                "required": true,
                "style": "simple",
                "schema": {
                    "type": "string",
                    "example": "application/json"
                }
            },
            "dataEntityName": {
                "name": "dataEntityName",
                "in": "path",
                "required": true,
                "description": "Name of the data entity. Defined by the api. Examples of native data entities you can use are `CL` for client profiles and `AD` for client addresses.",
                "schema": {
                    "type": "string",
                    "example": "CL"
                }
            },
            "_schema": {
                "name": "_schema",
                "in": "query",
                "description": "Name of the schema the document to be created needs to be compliant with.",
                "required": false,
                "style": "form",
                "schema": {
                    "type": "string",
                    "example": "schema"
                }
            },
            "id": {
                "name": "id",
                "in": "path",
                "description": "ID of the Document.",
                "required": true,
                "style": "simple",
                "schema": {
                    "type": "string",
                    "example": "CL-b818cbda-e489-11e6-94f4-0ac138d2d42e"
                }
            },
            "versionId": {
                "name": "versionId",
                "in": "path",
                "description": "ID of the version to update.",
                "required": true,
                "style": "simple",
                "schema": {
                    "type": "string",
                    "default": "123456789abc"
                }
            },
            "_where": {
                "name": "_where",
                "in": "query",
                "description": "Filter specification.",
                "required": false,
                "style": "form",
                "schema": {
                    "type": "string",
                    "example": "firstName is not null."
                }
            },
            "index_name": {
                "name": "index_name",
                "in": "path",
                "description": "Name of the index.",
                "required": true,
                "style": "simple",
                "schema": {
                    "type": "string",
                    "example": "{{index_name}}"
                }
            },
            "schemaName": {
                "name": "schemaName",
                "in": "path",
                "description": "Name of the schema.",
                "required": true,
                "style": "simple",
                "schema": {
                    "type": "string",
                    "example": "{{schema}}"
                }
            },
            "REST-Range": {
                "name": "REST-Range",
                "in": "header",
                "description": "Defines the collection of documents to be returned. A range within the collection limited by 100 documents per query.",
                "required": true,
                "style": "simple",
                "schema": {
                    "type": "string",
                    "example": "resources=0-10"
                }
            },
            "_fields": {
                "name": "_fields",
                "in": "query",
                "description": "Fields that should be returned by document. Separate fields' names with commas. For example `_fields=email,firstName,document`. You can also use `_all` to fetch all fields.",
                "required": false,
                "style": "form",
                "schema": {
                    "type": "string",
                    "default": "email,firstName,document"
                }
            },
            "_keyword": {
                "name": "_keyword",
                "in": "query",
                "description": "String to search. Use quotes for a partial query. For example, `_keyword=Maria` or `_keyword=\"Maria\"`.",
                "required": false,
                "style": "form",
                "schema": {
                    "type": "string",
                    "example": "String to search"
                }
            },
            "_sort": {
                "name": "_sort",
                "in": "query",
                "description": "Sets sorting mode in two parts. The first part is the name of the field you want to sort by. In the second part, use `ASC` for ascending or `DESC` for descending.",
                "required": false,
                "style": "form",
                "schema": {
                    "type": "string",
                    "default": "firstName ASC"
                }
            },
            "_token": {
                "name": "_token",
                "in": "query",
                "description": "Value of the header `X-VTEX-MD-TOKEN` returned in your first request. Send its value in this query string in the subsequent requests. The token has a timeout of 10 minutes, which refreshes after each new request.",
                "required": false,
                "style": "form",
                "schema": {
                    "type": "string",
                    "default": "{tokenValueExample}"
                }
            },
            "_size": {
                "name": "_size",
                "in": "query",
                "description": "Inform the number of documents per request. Maximum value of `1000`.",
                "required": false,
                "style": "form",
                "schema": {
                    "type": "integer",
                    "default": 100
                }
            }
        }
    },
    "tags": [
        {
            "name": "Documents",
            "description": "The APIs within this group are used to save documents and query them by id.\r\n\r\nIf the document has the id attribute or has fields that have been set to indexes with unique values, VTEX Master Data will attempt to identify the document. If the document is found a change will be made. If it is not found, an inclusion will be made. ** This scenario does not apply to the API with the POST verb**.\r\n\r\nOtherwise, a new document will always be created.\r\n\r\nYou can use the query string `_where` to apply an update only if the document is compliant with the clause.\r\n\r\nIn addition with this feature you can use the schema parameter `_schema` as a query string to apply the update only if the document is compliant with the schema. If the document is not compliant, the body of the response will have an array with each error, where the field ```Message``` indicates the type of the error.\r\n\r\n### Response status code\r\n\r\n1. Status Code 201: Document created successfully\r\n2. Status Code 200: Document changed successfully\r\n3. Status Code 304: There were no changes to the document\r\n4. Status Code 400: Invalid information in JSON\r\n5. Status Code 403: Unauthorized access\r\n"
        },
        {
            "name": "Search",
            "description": "The ```search``` API is intended to query a collection of documents.  "
        },
        {
            "name": "Scroll",
            "description": "The new `` scroll `` API has been developed to meet external integration scenarios. If you need to query the entire VTEX Master Data database, or your collection is over 10.000 documents, use this feature."
        },
        {
            "name": "Schemas"
        },
        {
            "name": "Indices",
            "description": "Create alternative keys for data entities."
        },
        {
            "name": "Clusters",
            "description": "Lets you know if a particular document is in one or more clusters."
        },
        {
            "name": "Versions",
            "description": "Master Data documents are versioned. This means that for each change a new version is generated. The `versions` APIs allows to query the versions and also apply the state of a document to the most current version."
        },
        {
            "name": "Customer profiles"
        },
        {
            "name": "Addresses"
        }
    ]
}
